play_id,runner_advance
DZSP4IMI4RH72W35,0.8134057171440762
9U9X1VOL6NTM82XS,0.8229530377094972
G1BVONU3WFO6I065,0.8140255120814425
64U9JU10QNQBQ3KX,0.7490867765240686
OGB6M0MPN6D6GBIZ,0.26585143656931604
6F6X7Z2WFDS8TEN6,0.40222860048939973
9NU2YQR5Y1AKESJV,0.13809070231531578
9HDWKPXQ8IMA2NAR,0.16501658532462868
A68EVG5DKK2WPVRK,0.6321383736354167
DTNE9W55J76UJKWM,0.7656216275213876
4QQ4Q14PB6UFWZ43,0.18051551372157895
1V3SP7VABDWIKR35,0.4645874207815841
146G8C984GUESQF0,0.7363054484031525
IUES0A5401W1TNRO,0.8998373019083318
4IJGZ3YCKG3YPWZL,0.9752771816881259
S3SIYD2SQUKVHR1S,0.48019614455946896
Y3OJLSGLWVYRMQPN,0.13809070231531578
IEESVLLZT9S21O83,0.16636532775762602
SDPK251EYJW0WK1Y,0.13576397110271943
UFL6XTSM2HFXRXUQ,0.13809070231531578
VH9ORE5SJ0FFHJ13,0.06753749991442283
UB98HE3L839BKUZP,0.5124041786034883
GXV7H37WILII5ZU7,0.49391534391534386
D1GB6H55L1SXOUTA,0.4991531878519376
IJO8GC28DS8LRX5Q,0.8671912829945355
EEIHJWQQD59NIGG2,0.7141291897006824
N408VNS6C6LEX5H4,0.8253700728880462
EROH7M5NA3KSU59E,0.642351237723078
ZMMBAB95MM3289G0,0.8556084810837663
A8QZ4VHPNLC6UXZX,0.7998362048938567
PPSDIN30YTU6NFWZ,0.8949244610422679
TLOCZ8JVRU0CI5O2,0.8556084810837663
CAKH8XCTBSR1PN3Y,0.2941260620116262
8ZG2S2J2Q2NUTTF1,0.13538695569499906
XVQJBZJUV1KQT7YD,0.16977849008653345
ONU1JF9WBEJMUDL9,0.7644725123471784
0VKPP9ROZD2IV5Z4,0.9854952387264975
AWFHKBID2PB7DAQV,0.9731211171587223
XIAHJ2LD6PC1IF0J,0.9937694704049843
5PE0IPOSJK4AK79I,0.8066622582244999
XRQRNNASL6O7J0B7,0.34981133631868944
BHPCKM0831GSNY3R,0.8775556097817714
52T4G2LX85TXMW7W,0.792077724593062
FXE0LGHWULFQDRDH,0.36044496033537027
PEHN5LFP1L3E6QLS,0.6832947915762645
WRG7XPPIBI1ZNVTM,0.36114852551185
86GFJ2QGWK24OU1W,0.9856938483547926
6QT5O503OB9HGJHB,0.43306499701848544
Z6BFH845SZYKEI5A,0.8944021673482769
44E0YPTE7IF69LU2,0.16977849008653345
0P7906UA5IYTYP3R,0.18051551372157895
7XMTLXTA63Q7KGRU,0.8918617614269788
S07K6O96HV202T5Z,0.8715013390747256
38BQKNV5THS5WF9R,0.6672039636349805
REG1KISL215XQ43X,0.8066622582244999
1RODA53CCIPDTBY4,0.4147632349656505
H1Y8N502NLQVBRGV,0.8854941417120225
3HUR4R965QLJGU5V,0.26585143656931604
O1R6HTOQFCGL42CC,0.26585143656931604
LU3HAKCWRYBJ2SE5,0.642351237723078
P5ZTZCEOXQJB6FYB,0.8556084810837663
RI4M7BSQMYPDW3HN,0.4795055388576972
MB185M56VSZ3MZMT,0.8393587089239264
ND7P8RZOMUMSF43E,0.8730031756866256
Y3JC2WD34MGMSCI3,0.2941260620116262
SH2KOQTFZRTQ5H9Z,0.48487817447476605
PHQ96B918OG5W801,0.18051551372157895
FG4MLNLLXYC68C5U,0.859707649026764
DF401HS1EP0CS8XZ,0.5477577139570237
ZKMF11MTFRAAR3E9,0.8134187352064447
UNX6M4SIALQJDZ2R,0.12774283717679943
Q0XYNS0VDGJVSBLK,0.9572072072072072
D7R42ZT9PC8Q719J,0.8089738261340899
R6WS3P5X32ADCVT2,0.13809070231531578
ZHO1MS69Y5X6TOEO,0.34981133631868944
IFB2EHHNH9G9STI9,0.7835864327340167
2AXFYO5VBXN37NR7,0.640144149749812
VEB5G9E1MYVD7YAX,0.04983164983164984
PQML5QWWHMUQBRMF,0.9384265988372092
W1L52GLROSPDJ9EE,0.5160220961587686
G40EB2BU3174X19C,0.2941260620116262
2GTHTWZ0O5CV1KZX,0.26585143656931604
FPUDYRF9MTDZ8JOT,0.6247293181377778
127TFLNEVSWZ3WH7,0.34850101055468224
Q94XBR0IC5B05UJJ,0.13809070231531578
A4RAV9ZF2FAWQBB8,0.08315227512570612
7K86ZJ2Q1I0DOOG1,0.43633863339672807
86RUFXYGU0S6GQ82,0.437545229076294
8K05K817OW8L50JG,0.11972904489334424
0K4ZM9ZZAAGWL7EL,0.16636532775762602
XJJN650FVZ9UZ14D,0.9937694704049843
IRGIOF09Z8J500WV,0.25054958475818273
XAGDFOOJUKW3U1HK,0.3974893776421758
GHR18XY8URD7YCFV,0.2706133413312208
8Y6BZVDBD7SS8ZR9,0.3955456391083238
LHITNQ70WA4S49OW,0.13809070231531578
M0IHQFBUKDMEAARI,0.36416013304823
9KYDVWKCTFFTTDZK,0.8998373019083318
T2ZLX5LU939WIVMS,0.020202020202020204
1J8XM0QL49EA9PXZ,0.23333959318339148
RJ8UVEPGB74ZZIWQ,0.3780859617609997
XHTWPG46LDMF3BPC,0.6006394953133439
PPEMJJASA3JLR1UV,0.2807227231651268
27EO6Z3JI8DYVZ6M,0.10081695416748654
V8K1EXQ1AZYMX1TT,0.36971179270227394
FJ32VOLZUUAYUBPT,0.41621723652527987
B7S4UL8XKR4TG26N,0.13809070231531578
QFLAJ4U6KQWTWTFK,0.38871958577768045
JXTH1Q0D667IWD0N,0.9813091016548463
NCBZTGRR52YXHK7W,0.9047041547041547
GES5KF6T4N724FR2,0.591724671307038
6DCPHCFPN0ZS5UHC,0.34981133631868944
VGNLEH1FO0AZ4X95,0.8416198450478861
SRYEY6E2KRVDAAZ3,0.7612474437627812
0C0S7BRYNKIGZLPL,0.7490867765240686
LD507900KOQXPLOM,0.6630529352504809
ITODC7I3O435PZ76,0.3241114884748129
3GX5YYNH042BQBYF,0.26585143656931604
4QL597YWNKXGT9SN,0.06629834254143646
6YQ5LSG9ZJRF4NNU,0.7073031363700392
E9EI4PUI3VBBVA0E,0.9288922963341569
67E3C8L96EF3UVVL,0.4430378604079607
QLJ21THUZHERW94D,0.8488930114269788
MXU4NPXQBBQFZ5GU,0.13809070231531578
HEZKDOOSODMA0SX0,0.3780859617609997
NVRNH7U1RV8ZTO4T,0.9370802808302808
VBP4UI8U8GV0NTAK,0.6998075465677477
V2V0MDECH3S4CM9Y,0.7668416447944008
A2RHKTXVMMK2T5EJ,0.8347467277574588
EV8HHWQ4XLX5JVOP,0.3047080725936368
RAAAHMLEE19FVH5K,0.9670891971920019
1NUY1DIWAZPDEO7T,0.26585143656931604
8OIJTO9C1A7CPO4T,0.13662611306798542
2QP5VJF8SM0SWP1O,0.7073031363700392
KU5CIQLE7SHHFNYX,0.13809070231531578
5HJRSY24NJ3M2SSA,0.7994300991705646
YI7IFZZ42XSGFK7I,0.13809070231531578
1F8XOXVVH8TFQ7TH,0.9794633187597771
KOQZGII7ZI917W9M,0.31392838372096316
6XQI48ASDCPT5RQP,0.8631283764278939
PNB1W26KQVLVUJG8,0.3011526866756032
46EW0KUEKMEFSGX9,0.8416198450478861
HE720DHAUTTZP8MM,0.7073031363700392
IJUZR0MTYJR7CNV2,0.8944021673482769
CSBCAJWG9AOMXZQH,0.13809070231531578
WV3ZD8BSKD4AMUNH,0.13809070231531578
Q3HYG7PHOIB1Z154,0.13538695569499906
RARV50KTZ6CSCZ8G,0.5933520097956088
3BN9VOBIQPDTJ9GH,0.13712389073390138
ONY5B1OTZVF4P2H3,0.13809070231531578
7FO5DZFTJ60BZKAL,0.9572072072072072
LP3PRDMGA3DVRR1C,0.8775556097817714
WA36S55AYQ2JTPUX,0.9582843543727559
D7DRD2IUT0Q38B3I,0.7610490203155201
B084FBTLT7BO5EBV,0.5049322184768492
SN25XIE1A0HTZO7Q,0.0981132075471698
282SN7V0ODX1REQT,0.16636532775762602
51ODQOY0EMPKUH63,0.18604160765429767
2Z1UHBQA44NEO0DM,0.3747421436302405
XL5DEGF4BY8Y5B9M,0.8651427835868187
PNQ3BWBT3QE6EGJZ,0.2941260620116262
K656BE84YYL4BZ06,0.10081695416748654
B85ZI87CI9336MXK,0.44376554699876386
SG6MTXOT6OBGCOPD,0.8469004761054673
H374D467SSCHKSWJ,0.26585143656931604
L77TT010TBF7UOX2,0.4933811830544568
AJKS7MDW31SQ5ACE,0.09935236492015619
0C2L5V8YEVT63SER,0.14853688157575767
SDCUXYOF0SU9X801,0.13809070231531578
QI4ZX8BSEOGNKJ4C,0.49741280895101675
L0SWU6TPROJAF3BC,0.2706133413312208
K8Q0OWOWPSK96R3U,0.10081695416748654
QK4FFPDX5WEWS9B3,0.46510655761214653
0USJWSH3XCCSXKLX,0.8516156360642898
2JPAP95231TDQK4L,0.6421603873070655
JJ1SJOJZPF6IA0RD,0.6032807460261109
UTREJAIY0BWBZBQU,0.587974706820511
SYC9QKGN82XIN4CR,0.22857768842148674
0XGKMWUZ94LW3OXD,0.7052426811278023
HJPY21QNN06AFKX8,0.45128822936812796
NH43YPY52YUP6J42,0.3974893776421758
Z3PQJERNLQ19XW6E,0.7845404982553638
Z37FEQSS9X2MD99E,0.9731211171587223
9OG16M1SYY4WAY0Y,0.7644725123471784
JOBESAX7PZ3MSP7F,0.79041248606466
TCN0ODECSAIC6QYL,0.45367169245164735
EHGXZH486IC6GN3P,0.8731200201442473
MCFYN5S4KDE5FBPY,0.06753749991442283
45P78C8LJTKRDMCJ,0.6841348778771076
U1FVHL7EY4YTC2M8,0.79041248606466
TRUFHKNKPA3DR580,0.7944010703338019
UOI7KQ0NLL2CBWXN,0.8134187352064447
5TUVPPC0V9K7G4DI,0.1852774184834837
WMOAP882NY0NG14I,0.541734446347032
LS9L0RY3T9HOARY3,0.20152472817765812
0E46VL56I1FFIJQP,0.6210086447501845
FVYO4DAR7SSYLGQ7,0.79041248606466
3MZQ5B4MVJMSSWKI,0.46244127628913684
JYY99KIVWZD1DF5O,0.13809070231531578
JMWPPRTIBDF5Q7LZ,0.45367169245164735
T13WP6ZW87JFQXP5,0.7014003757195844
BP094TJWBZMQ28LY,0.7076578164160402
FKMBN0TVAVP8QEW1,0.7944010703338019
R9780TE6GEW799X1,0.8393587089239264
735HWYLL1TN7BW3W,0.34981133631868944
QL206RBT8YEDJK5X,0.5450404396716538
HM4WZSOOYSEB8E0S,0.8516156360642898
ADUY5T2XPIPLY261,0.8020604897660819
2H3TUXWOSF1GM62J,0.25054958475818273
N71J5XNYUAGLEQX5,0.2941260620116262
G3SIOUT9VF4FEFK1,0.7944010703338019
PB820U0NQCHB2GS6,0.7250580046403713
BGD0XA11CB3OU9IW,0.778089088557182
RREIVWTOD8X55YRL,0.06753749991442283
2OJU78JZFQEP7RQV,0.31352947789280233
ZTWI30Z3WA3KAAYY,0.8265502466436582
XLSZL978H5WNRCXF,0.8012271236644452
AVMLKKA28KUGKCDE,0.021441177575006572
NTMG1MVT2Q1WHPT9,0.7592205441381328
0REZLJSG1H8YC7H8,0.13538695569499906
NYYERBSWHX208DTX,0.5193211567719384
VGJRX56439X82O4U,0.4147632349656505
39D3GKRYDCU9THG4,0.13809070231531578
HJQ8MKURX4010KBR,0.06753749991442283
LGNI71BA7U7R2EKL,0.4257515390283324
UGNAHJ5BUZSPEENK,0.8247782002534855
N7CKNGLQ3IMEUAGO,0.7827255909909759
NU1T3B5ICTLIXIZ0,0.6947633891743816
2GA61WSPBSL26M73,0.2706133413312208
S8VP1YL0RV9IB70H,0.7554644808743168
219828AI50APRP7Z,0.5947501951600312
FLQEZZZHO6IFGD3H,0.5989726953230603
42W5K3LOHDEXLRUC,0.13662611306798542
DQ3B5OTWPGK34GES,0.13809070231531578
TMGVT7OO39MN43RG,0.8556084810837663
EDYHPXS0TY54TNTG,0.46510655761214653
KDKEUCLAZJZESVYL,0.48323997514621947
UCT1748UHFXRY967,0.6138237557001859
OH7WAZ3XJ5Z2H9LQ,0.18576874363880214
2G947NQBDKBLC2L4,0.5689669137451046
X0MCN8MCKZADMUT1,0.13809070231531578
Z4RTBYQ5PU0JVTT1,0.2746095493083445
WLC88WI94MG76KPD,0.8715013390747256
65LWR33AH7JRLIBQ,0.9854952387264975
PYUEEPYV68WO8LOM,0.21269462664811503
XY6WTNNMHFLPYNI2,0.13809070231531578
V7DLB5DNZJMVIJXP,0.7808302808302808
UT2KCHZ0BH7KP2MM,0.6335083114610675
9H7617CMKCRPOJ51,0.1522408882792687
M8UQCN6FYC2KE8V1,1.0
15GUYDUD6788ZPAB,0.6805015943276874
12NKZHI0G6L5SGRZ,0.2941260620116262
OA0RIFKN0WD1SGSE,0.36727101366601356
7TGGBERR9EKAG7F6,0.3134704841883636
6BE1TDUSFY7HN26B,0.13809070231531578
3TMH502V1ZSEYGUQ,0.8134187352064447
S1B436O2AHYAD2QQ,0.8631283764278939
U835L5JU1Z82G9I6,0.02449497132647474
PR65Z3ZZELXD6Y8D,0.2941260620116262
IKYA62RQ46C9G5DD,0.7668416447944008
1SXL2LSWUA8SXD62,0.641412331285592
4VETURV1KKKJ9FFU,0.8302746254509071
0WB245DPY01NAPTI,0.847761304732963
6XL76SCO0E8ZSR10,0.06900208916175318
HIOCK4U50ESI5DY8,0.8197581199322004
BDZ995R11MG3FT10,0.13809070231531578
M4NRR3K6KKYLD6DO,0.8883702473815566
3GRR4LY8NPELLNTU,0.7880887589125575
XK8DYIINDECKL5MD,0.26585143656931604
KY2WE42CW9TWWUI6,0.4499066418128861
1KGF5OP3KQVF93NK,0.023255813953488372
XRM2062GGUKP42E8,0.7576464590165352
7T559REECOT638F7,0.8944021673482769
P2YUCY4DDL6JYOD5,0.5018611689294133
HZPHOP5QZV6AXE6B,0.8488930114269788
MKVCEIWRIUCDJVB5,0.19329121076693892
LN2076K7VDXUB4I9,0.6998075465677477
KFRA6FYYFLZP7KW7,0.4743798247896609
OWF32ASIJG0NMQAB,1.0
F1FJ91HPAXY0H9LK,0.5495392102528996
S3T2K2M7Y9WFVYJG,0.13809070231531578
UMZ80318QOK4I0ZY,0.5495392102528996
FEE9BGFT9L1PJXRZ,0.8416198450478861
QV59C0L7NL6BY4JO,0.5608102075023221
LBK4MPOYJFG6NOZ7,0.020202020202020204
MXXOKWERLD0NPW6A,0.5018611689294133
MKLDALTB9N8KR4XR,0.26585143656931604
AP19ZJHN04SVD1HA,0.10081695416748654
54A08WWGPOEQ0KQL,0.4933811830544568
5J1PBQO7HF303TD8,0.7835864327340167
203TJ97FIKMVCJC2,0.7630754125599487
ZA5YDA49CPLRHY4D,0.10081695416748654
PZ8C4QEBGUSJ7CET,0.11984455062391752
5U3EPMU61LDOVZ8N,0.29918476990264936
O0934SH2T8LFOZ8X,0.2706133413312208
NIFZ358KPZGHTFBU,0.13809070231531578
4YNYV5K0SEUAVOD4,0.44376554699876386
EGCNS4G1EXRQML30,0.9625944104529461
WA6TY7WF315827UZ,0.6784514073977617
6UCTWZRE8H1JYSMU,0.8267329944159462
2KEVTL9RJVCPKKNA,0.6819438838682658
SAM8KFS80AZWG41X,0.26585143656931604
6DK6C40B9EMF8SH0,0.5215051288256675
3Y932PPTHOXSJ2J0,0.22857768842148674
TWFYSZC4OGLOE5PL,0.6491772910537212
AV604ZQ3430QEN2B,0.8715013390747256
EY3JXULBREHNGREX,0.5919340149244962
5Y0M3RL87ZGIGTTY,0.2941260620116262
ATGC6CKITEURKUFC,0.8563766453947504
ZAILRPB9SBSU15XE,0.6860200364298725
4L1NHQK8S9DT2ZHP,0.36114852551185
GKM9NIIS4RXWTXF1,0.6333180964191688
UNMAPUN0DYGHIGBS,0.44376554699876386
HP9VWO6RKA6KKR6R,0.927158273381295
83NLNB9Z37A9TLYF,0.34220300916327345
OFNAQP7AGQPROX2U,0.8998373019083318
K61S2HQ7ZRZWOH0G,0.13809070231531578
JACOPBBMFUCEVDE8,0.19676282341575338
PWTSKNMSAAX2ISOW,0.6841348778771076
XMVO5CAGI9WAQTX8,0.7322451317296679
SVD4XFEN1TF1VATN,0.09935236492015619
7V3ICGDS101JTG66,0.06900208916175318
65PHM4V744GIRGW7,0.13662611306798542
OYZAY8SIKW6EO5F1,0.9895833333333334
5HXT798TZOY7Q2OQ,0.44925376672949485
AFEJGSKG1RYH0PH8,0.7718636579153054
U9JC9QTZIGHQP77B,0.9854952387264975
FCK7OSY67Z0NNGIB,0.5627953079419861
EX7TSZ2QXLURCS2K,0.26585143656931604
296QGP5AVXBHW7BK,0.2941260620116262
N12CMGFEXQT0UUD1,0.7304355746627936
M95ICXWQR20D3C0V,0.2941260620116262
E84W2WDHCJ1VUY90,0.5018611689294133
Y6YZZ7FZR9YX9COI,0.8134187352064447
Q43FHN9E8HEHBWBZ,0.8731200201442473
KAHXPUKRGG28TH3E,0.28257796045679473
VKVAU5FH859B883X,0.13662611306798542
4D1AX5JKXB6N0N30,0.8938053819416113
7LKLU9DJG1KY2I8N,0.4081230016588566
P06PTZNHRHAGRQ40,0.5691831701491538
GFS1XN8AZASAE8W7,0.8883702473815566
N3N7AS19W52QL078,0.7644725123471784
KCW3WMJ4VCSCS82F,0.6353297627630721
X4FWS9OHLTFFJMMV,0.021441177575006572
MB426RGYKHEM35R3,0.46510655761214653
TZ9AGMLOLSEMYHDF,0.9261002974726535
VHFE0TKCP9GUC58L,0.06900208916175318
1ESLPVW67P229ZNI,0.7668416447944008
TVKCDY1DOSRHXENB,0.38871958577768045
EWPE5G9VYC48PA01,0.13809070231531578
2ZFBFP2UZTJYS88Q,0.7925261872630295
I7KQKM72R020HY0U,0.13809070231531578
MX5ZP1F7DQ27KQ6P,0.7688130197895147
G2Q7HHG2QEWQLN47,0.8062485295299086
ECH5ENSCHOVG2IH1,0.16636532775762602
OUKFPRXK1IAEJAO1,0.13809070231531578
HUEGG0GERKAGCV6P,0.9440271816881259
SGN7IRXHJSNYCM1A,0.4324609103040557
XR317UZUY3ASTN0P,0.16636532775762602
FEWAYMIR69G2HPG9,0.020202020202020204
GYWD7GF2LB4IWO86,0.13809070231531578
1H011EMGDMQGFZ5O,0.020202020202020204
H3PP8L06906EAIHU,0.13809070231531578
3LFU1J2LCZVX3FYP,0.19329121076693892
0DDBEDOQ4II9TTJ1,0.2941260620116262
E73J4J4VNGBYHO7L,0.9625944104529461
XACWQY5QCGCQ31HW,0.5643064134828033
IB800NWILM3JW6K1,0.36114852551185
TPSACTLH5FLJKGKR,0.16636532775762602
OEYVZWTU26DO8I5Z,0.7668416447944008
IL5PRWVO1HG6ALHP,0.29888796677353097
DLBD0J9GO6458RN8,0.9937694704049843
LX6KMZ6MLELGNL16,0.26585143656931604
9P2UJO9TRXYUV6Y9,0.16636532775762602
1RQBI0X73DFHTOQA,0.13809070231531578
QYASTKURVC5ZUSQO,0.34981133631868944
VJPOMVCEVLAL32C7,0.13809070231531578
542ZLG27E22TP355,0.6947633891743816
CBBJV9NUP5ZE7LVG,0.7049405421306704
4OOEXPCH2BLQH7CQ,0.509694123238754
WZ2MOXID1MXEINUV,0.4612806287563569
1VMGWTUHRQR5IXEI,0.06900208916175318
TGQFNU9NFYQBNBXX,0.9937694704049843
HLYTG41OVI2NKT7L,0.5989889106327463
JJW4PH44TXP1O5T9,0.10081695416748654
PYDP6EEZ8NJNI8WK,0.3818343438880156
39CTJI927W0ORHF2,0.6324865211852709
HYFUMZ8ARYWV6UPC,0.31352947789280233
ACV19H138ZCMMUIQ,0.3241114884748129
1FHQ605DZ4L8AY6B,0.410338694710795
ZH480S65DTL1K8AD,0.13809070231531578
GG88CIO6C71M0UU3,0.9508007204049843
ZSNOFKKYSU0GQ9R4,0.41177918066727753
FJTDO1QJRK2AMCNG,0.6650749755614348
OSZSBQZH51T5R33B,0.7808302808302808
IALC2QSQKD6F1V2B,0.6127096126039847
FKYEYOCHAV1EH3FX,0.8854941417120225
UBM34MTD4X99NS07,0.6998075465677477
1K4S27IGMC8ZSZOD,0.642351237723078
CIHF38SJE284NRUS,0.4430378604079607
R23XOFV0YSZAUIZ7,0.021441177575006572
9VKYZW190T4462IA,0.15700279304117348
IRI95KIY3U46H8BL,0.02290576682233693
HWKJB2HNQFQDITD1,0.6947633891743816
52CLE40WJUF5GOTM,0.0879141798876109
2622CLF2GMM77FV2,0.46250559976279565
S6MKQYZVY3PLHJFZ,0.6127096126039847
PZ5GLC7UI5XQANWX,0.6889929089679624
G5Q822FA7HAEDH3O,0.6491772910537212
E43D1WZODT5ROOO6,0.2941260620116262
3OX7PNUVSSHAYVOD,0.49144358832225016
W0X99MRA9ZPY9FTA,0.5495392102528996
OQ4EXR0M0MBXVZMQ,0.9937694704049843
KN16NJ8LCEHHXG14,0.8012271236644452
N63UD3WRZY7EZUFD,0.3974893776421758
1DWZC7VYJN68FL55,0.4612806287563569
HSZBNBID2BJSG9NC,0.13662611306798542
CISS95XNFE6HMTFM,0.9670891971920019
KMYHUFP0BJOEW71V,0.9731211171587223
GPRYF1LF0W9YDVAT,0.792077724593062
U0WQGGM4U8BD7UQU,0.20152472817765812
0VRURRS8MA8H35PR,0.13809070231531578
YT8G5XVIDWXW50DD,0.833475817121199
PGO6Q4JFPI8R5E5C,0.9670891971920019
9EY84TG5W9PXQKQS,0.12427237407129711
KVIFXZJYOM8G3ATL,0.6998075465677477
9NT40CYL9BP96UP1,0.6484004974185013
FMGEUE6PODNB1J4R,0.36416013304823
F6F8HK8WN1NUJ6GE,0.4430378604079607
JYAUPERJUT59D307,0.2941260620116262
X6WA9Z7FX79BSONL,0.16977849008653345
3044V7H5XATICIW7,0.4209791412871846
30GLK7YSLV2XOTJM,0.8253700728880462
4VFFV9YQL440DYTE,0.6841348778771076
SMWK5I1ZFEBDCKC0,0.8883702473815566
YAMWX6TKKLY7YZXW,0.6910149492789164
GN9D99YMEZ60OQLZ,1.0
YPW7CF1B3Z9T708B,0.020202020202020204
SDK6P5B9GQZON9W1,0.7490867765240686
8YIGBIH3O8GXCPH5,0.4444918619675901
VPBTX0WV9J4EP0O8,0.8769364736347804
W609CW875IGVFB31,0.7073031363700392
L6U5Y3ZDMRVWWF3H,1.0
2AY584ZTDXTF8L4J,0.025959560573805097
D6YCN48EX9BGN3C2,0.8253700728880462
ABGAOT19JF6XJ8IM,0.8938053819416113
ICIRR69JQ0G3LY2K,0.8134187352064447
HAPM2J29FTCOXXCY,0.8416198450478861
SV9WQNB7HAP4C3I3,0.49104653132962817
VEFS2MS6SAL14PTJ,0.48019614455946896
XUHEVDT6SDSRI1SK,0.6961697722567287
DET0BLMKCCQCR551,0.13662611306798542
VFNO5JBMVDJ224DK,0.3780859617609997
X3LJGZ19TXEKRNZQ,0.5477577139570237
YHIIMGZL3L8O4VF4,0.19329121076693892
6MSH1FE67LLM2FRX,0.13809070231531578
8ZDOI16POUQ3X874,0.18576874363880214
VX4Y2BMYXK4CF3YV,0.5497112263256589
T1LXYCSQ1IKZ83YY,0.9937694704049843
ZTTJKQVUKQI5JB0R,0.06753749991442283
VZJNUSZPHRR7QYTZ,0.3974893776421758
44PLL2M43E4ISR22,0.6063586902681071
IDFZLOEPFHX5TFSE,0.46510655761214653
D7O6VSIB0KFDN32E,0.13809070231531578
JBFTENCGYYGGUCDZ,0.19329121076693892
4UA7E56E6DESP7F3,0.7794513738707584
6MB35MEF2JUZSY5H,0.9260321472551688
EPI2MRUUCCFCIC65,0.41288490642076137
2LDKNL0OD26UJGRR,0.7630754125599487
4BADURW6X9SEUT3M,0.8229530377094972
US2SEGAII9LPT3M9,0.5193211567719384
143Q199GMLGDQBX7,0.5118747613592974
HRJUVZOPBQOKCGGS,0.4933811830544568
ZDIVLZE37V51SUEH,0.13662611306798542
ZV73CO9H5DU1409U,0.46510655761214653
ZBNK186W1TIDL9NR,0.29921895535278437
MPGBU2T66QIGUZUI,0.14285260707722056
21AVTA051UY9GLTV,0.5018611689294133
T03Z1JG24JYJ13BF,0.7942842258761802
E5LR24ZXRNQAU1HU,0.7576464590165352
Y5SQNIUI1EWLQOWH,0.5383590707648181
2P13MGRA6RMF8SG5,0.6644540112142122
X219UODJT9P4UGOV,0.656923993523366
LKUYWJNUEH0631NQ,0.02290576682233693
1AZ0Q416ILN9BB64,0.8556084810837663
ZC566H4C9XVE3O0L,0.5193211567719384
GECFR1J65UO13J2Q,0.18051551372157895
D4AEJ2V24NAX7NBM,0.5453934344097632
7E3P8LXFKCC5UIP9,0.6602284686517784
1M62SNJDAOR9WCDT,0.8775556097817714
IHUB32O1HDAUJSUB,0.5949068874625861
68RGI19M8U2AA11L,0.69003589683074
AYBN2BUTCEADTNFA,0.4720401724410741
YTJWBQYKPEFBBD69,0.9937694704049843
07GCG9XOAFE64N8U,0.9860175324204882
JDT20IFUHLLRVZIX,0.34981133631868944
GAA9UA4V8X04UFNY,0.4638952778487662
13SV3RQPYXAFXE5Z,0.587974706820511
FMHQTSRQOFWMN2OO,0.1522408882792687
6DUJEO9TIUNYH0KN,0.7630754125599487
J4J1M3M15Q6UCX33,0.13809070231531578
O0BDNPG5SAUO3MRN,0.5477577139570237
ZI7SWSZHI5YT5JX6,0.8944021673482769
RHU9C7K2ZEAPZQKQ,0.4794533915070632
5E9N6CMHWG4YJJXS,0.816820860877154
G8WGOQ12CAKMBE2R,0.36971179270227394
925Q6UW8BQ06D4PX,0.7726097150630012
AW2DU90T1F9R9LFQ,0.18051551372157895
0T8W9F3SY7CBSYL8,0.7114827912392382
3GLESPNJWT8O8NX2,0.6138341135858514
U684LM3YW49NVXWV,0.7141291897006824
YVXAB9FI59UY1XL2,0.7668416447944008
9GJT7KSGTKZ88JIQ,0.8012723134177938
W9ONBJN7JQEU4E5A,0.9153645833333334
7QA1S3CNP32W74ZZ,0.950141703372962
ZKDOWY8FDG9EC57K,0.3974893776421758
8JR7LQFPOXJ9X341,0.9058302808302808
4YBQ1YPUJRE7A1P3,0.31352947789280233
UXZF3YT7YRE8KG5H,0.8488930114269788
XL75UPMJ7RYIY7M5,0.22074027630068205
APP5CYYHKPHPM4DY,0.2603136742671626
452A8EE06XI6TOA2,0.9917257683215129
LX7GXID74E35RBR0,0.859707649026764
12YURMFTM69MNN79,0.816820860877154
TVZ5UXPRUHJHV78V,0.19991892960275506
8ASEAPDOTPYGL93Y,0.2706133413312208
XAKLJOR1XUN0YV8M,0.7668416447944008
YQNJFVS5IACE7W5X,0.7944010703338019
F8AGLTB1ZRU7M6ZA,0.31352947789280233
L2ITLT3E4N2PRS7E,0.12427237407129711
QRIKISB0EJ8LH0YM,0.9489329755287201
TVFJY73X8KC2G16C,0.6981235139129877
0WUTRCC53I1R3CUV,0.9854952387264975
6H25R4X6YQ6ELLUN,0.18576874363880214
B260TAPDJ9LEAOJY,0.8561342673797947
Y4HDQSK3DV9FHQ4P,0.16636532775762602
FM3H19RLJYJZ8OT1,0.5338665415622595
CKJVO00YPX9UTJP8,0.13842256003525005
7WIHAZ6VJHBQR36P,0.3955456391083238
W48L26C650DR20F1,0.4147632349656505
HHDHY078SIGDGRTA,0.4933811830544568
HASBFRZQWTAGWR06,0.8894419360651443
1OY82S7YZY54SEH3,0.31352947789280233
OKUVXSHW6H86LNP5,0.7363054484031525
1YVXCSU6PG1BBM6A,0.8516156360642898
SNHP2ZRBT43B3XWN,0.8247782002534855
1VJV1005P3V5BGN6,0.9937694704049843
USMW4M1TX4GNBHLA,0.9854952387264975
KEFN0136P19F4IPS,0.18051551372157895
OHKGFHTRS1LPCZ5F,0.9176591846083371
M3AJ3PP6D8R29002,0.4147632349656505
CJXTW7OMXM6CK0FH,0.859707649026764
DXU73BPSF4IL4KRD,0.31352947789280233
VEPCNQAH5S4AKTAX,0.22074027630068205
Q6M27FKC1ARTXE0B,0.7668416447944008
0NOMK36VM9GXMX0L,0.9937694704049843
2GC5YFDTMJQ6GZ9G,0.8715013390747256
ITVH2Q1B7ADTV5WB,0.18576874363880214
8UHYO836K1FETLIF,0.6128070762451007
CLNZUL1TIXZVQ958,0.6859303200114771
1MQ1UWWUAPH2GRFV,0.29888796677353097
Z6LJQIKBHMPBV5T7,0.44421400966873126
E517OGB2TYAA06YO,0.025959560573805097
4HLUU1HDQZUVQ8GK,0.13809070231531578
GODGH6WUA5EZXN7V,0.9736434108527131
O17FPRKXAAKVWVM8,0.49741280895101675
V9N9OAWZOKGZAI93,0.8416198450478861
1T95X4R46BBY3ND3,0.8883702473815566
B9ZD8ZUZN83EA24Q,0.9937694704049843
21TOF9GX9UNLGYP0,0.3780859617609997
X1D3LURN3IJMK3Q9,0.023255813953488372
UCQ1R09U94HK3SL7,0.2941260620116262
6FC7AEJ5HU8CXCU6,0.7808302808302808
E052YZG0IOZJPC5M,0.09592797217106609
TRLUZQASYEOAGKW5,0.40222860048939973
TZS6EBY20ENQ5FRA,0.8835875297484918
H0CUA7RUW6SUBS2H,0.9670891971920019
W9V8NONG49LRE4TC,0.26585143656931604
DU98OM0BT1A8PZMI,0.6745098639386375
6V4MG22KR4CD60A8,0.9937694704049843
DVL8A7QEQSQWXII5,0.799719360436235
M83B6J3QGHJFO7QZ,0.29918476990264936
CJDNG6OYWGMSPAB9,0.49713114754098364
ZUORHNUV4OKL70TF,0.1522408882792687
BJQW6AUE4RRN6JTB,0.36971179270227394
CTUTEAQV2GWY3DQ3,0.06753749991442283
0E7DFKGOFQFUWFF7,0.36971179270227394
TDQSTLTZPBBK85U8,0.591724671307038
TL1BHK7TIET55EKJ,0.7318840579710145
ZAVA403VGNEB812Z,0.36971179270227394
88MIKK0FC0E3XYAU,0.7994300991705646
CVO9BUVM4GECI9NP,0.7435370456267635
PBRSXJ46HWNIRWFC,0.8253700728880462
YX8T0C4WGSYW3TRK,0.13809070231531578
ZKLJI5GOJLGGLYX5,0.13809070231531578
6UBAM9GW8L5N7P6M,0.2941260620116262
I3027Y58QXEU331E,0.9854952387264975
5BARKK9NS6OPW54A,0.6335083114610675
LAHV7PEGC9S3Q8WF,0.8012271236644452
5Z6DIJAWOZCCJNYH,0.9854952387264975
90EMHC73OVG8Q3LG,0.2952852069290426
SGHJ3X24248DHVQQ,0.7318840579710145
9L66OVC7GJH2K49O,0.6981235139129877
2DPD663D2WU20A82,0.40671065185732996
9NHR16KH53HIROHA,0.8775556097817714
GV78X70QEY5MK034,0.02449497132647474
8AOI7Y5YMHGQ9MFB,0.8488930114269788
OMMWWDM78IUJ0APM,0.927158273381295
0YE6ODU4EXOP6QT0,0.38871958577768045
XVPKGGPEXN65S5S3,0.9731211171587223
U7TMHO601ZL078A5,0.6841348778771076
5YCSWVT0K6C1ZP46,0.8835875297484918
ZQWE5A5QHFLO8UCH,0.16490073851029566
MWT6ZHX0805XKBWL,0.8030387178673437
Q6EMSVEF4MF25EKD,0.31352947789280233
DPAAOFJRJ4S16H63,0.7490867765240686
HUXATRDKUUCD7QOM,0.644132734018954
S0VXNRZFVBAOHA77,0.7435799644037631
2SW7OTB1J7LMGVH7,0.16501658532462868
W9AM8I4EOXET8CGE,0.6169483280766997
8R7GA7I6NVEXLN62,0.8347467277574588
951ML8RTVSBU7DMA,0.31352947789280233
TIRNKJOVKWEDH65J,0.26261511890730793
OVSWQN30T9OOFK9I,0.34850101055468224
YMX0US2U1ZXPVH61,0.7630754125599487
XYGM42WJ1R5KHITA,0.5689733485557151
320IYPH2AXCUHGYZ,0.9502202888851711
UPSY7WZ20W0T1W5K,0.8229530377094972
L81TL249ZAK6VAJJ,0.26585143656931604
TJQGA949B6X2K72X,0.3961286412753194
0IA849QR39SE9QR9,0.26585143656931604
QDQTSXAOK5O2FCLP,0.26585143656931604
BGP4K0IKQXFA3WD0,0.9572072072072072
T6WNDT7TA70P9LGA,0.13809070231531578
TXQWQCZZEF1EV4S7,0.13809070231531578
6XHIZ9AIMFR18CC7,0.26585143656931604
3QHI3F3CYG89USP5,0.49104653132962817
3GVI97DIBZ6U573N,0.7825884543761639
1VE0E9ZI7HOB0I4R,0.9489329755287201
OY1YUG6ITEZQ06FA,0.38871958577768045
UBO5DBRKDP08JC7H,0.6491617628557167
1TIOP19F470XRB05,0.7630754125599487
4M2UPW4IJ03GEQBP,0.19329121076693892
8XK18T55GYXXHHKF,0.8253700728880462
ZW5NHBFDVQPPRKA3,0.8066622582244999
HQT0ZN8809BSRFKB,0.7322451317296679
JXBBDFKLLMSP417T,0.3961286412753194
R900O2FIG1KI6E7F,0.7546502976190476
02YMQZK7FUGBJ65A,0.5450404396716538
R1WPQIODNEHZY4WX,0.6127096126039847
HCHC0HV1S4TE7XZ3,0.3134704841883636
P4UGJF1RIDKI46TQ,0.7808302808302808
I3VFNOLCXUBR5Y2B,0.9489329755287201
Y12ATFSESMVNZ1PE,0.7128600401130459
Z6AL7K53Q01F0URB,0.4988668105106462
8T9PBBR5U6QXGA4L,0.020202020202020204
98AITQ7FATK3HTOH,0.16636532775762602
F8WYE8LJD2PG9LXO,0.8998373019083318
76FAG4UZY24X17TX,0.8516156360642898
S9O6AGCR5WOILFRI,0.9542214478061144
09L4T6CWFWBO6BHV,0.410338694710795
O5EPFFCKRE7OG87H,0.6913515087330383
ZANJPUE6FZXFQDJ8,0.902676399026764
W0D0KBOAVK6NQXGN,0.2706133413312208
FBIMPIV0NC2543PZ,0.7944010703338019
0C1E9ZD1YSUB3L0P,0.7612474437627812
M800Z68R857UGSH9,0.2706133413312208
EDTJQGXHNIC282N3,0.49208290140823
34RQ5PHVY3I9FF02,0.25203310832529735
3JXTEW079UFZJH6E,0.2807227231651268
2TQ3MT5C04DUBURD,0.19676282341575338
64HSJ30G5C5NB98E,0.25054958475818273
X2WOR1ZA96SSOWCN,0.5151676772213489
9IOMFVKIBQ2UKFKM,0.1522408882792687
U017NUSG8FWMLC42,0.7944010703338019
OFOZM7M5MKYV312A,0.7576464590165352
BXBCHDEMB73YMZOK,0.025959560573805097
DCH71IMS62YATMJW,0.6893437189260855
0EJT5KO6RI45E6QR,0.778089088557182
9XGOCJTRSZ23OHTB,0.45367169245164735
76HHTAAMEV8G0OGE,0.6726847013946493
8C18YKOPTC6SWFJU,0.8938053819416113
QM0V6Q5GUIYECGBQ,0.24766615930999494
TZF8O9QL8O81TPRI,0.7041873395196797
WF7V8CP2ZMJRW3J0,0.8949244610422679
MK2OD5ICR36W5IWA,0.8361847104878314
S1WBL6JCUI0JHW3G,0.7998362048938567
4TPX4AJQOYA4JETE,0.09935236492015619
4SZRN2G7E0Z7MRMQ,0.5495392102528996
VV073XFMYW4FILKV,0.7490867765240686
QF0HWPK3D8EZHN29,0.6166666666666667
KIMPGBDGGECNYJW5,0.06753749991442283
90WXZEXLT6B4WGN7,0.6913654545715319
THR1JYDH19OV7POL,0.3955456391083238
6TNTDAXP9BUIK35Z,0.6998075465677477
ZDMZXYEFNFTSX21K,0.7925261872630295
JQVYYE2TO7W0AYGF,0.8488930114269788
9G5KNO9VCH8B5HVD,0.16501658532462868
BITZTRZH8FBU9WLD,0.7994300991705646
ER3XIAP0ESR6WVE2,0.3974893776421758
6QAKNKH036B7W8WS,0.6491757086942104
LQHAN9QBCK883V0T,0.7250580046403713
HAT7W2ESYWE2IA46,0.6889929089679624
PWHRM7H2NXMGIRPV,0.7183088445698814
KHILO6Z9H023BR32,0.3780859617609997
LTU7NP1CYT7RGZH0,0.8835875297484918
0UY6D7JUMVTHIU4K,0.24897648507400214
II2VP5BMTK9Q7YQF,0.44376554699876386
FWTE5U2YNVPWCZF5,0.7052426811278023
QNW6I95RZB181JTS,0.5893552278085421
A6LL5GQQACF74N99,0.9058302808302808
0JJZ4XXDI3WFO4XK,0.26585143656931604
JNKLG9DD7XHWNZAD,0.9854952387264975
EMKZLPV5C8NNCCQJ,0.8998373019083318
TWJ2M6G0GWAX2GUW,0.7998362048938567
TAPW1MFKOUCHY8KD,0.5770053613774616
QQNZ8HHQ2HANUPG4,0.5887012678102103
2LNDSU8O2YT9GEP3,0.7363054484031525
X17PVC0RX69O6JD4,0.7576464590165352
Y7C37ISJW3H6OFM3,0.4724886351110415
REALCUAWO7BZ956J,0.8253700728880462
R17BNYJT2W1MOE2L,0.9149036602982766
LMSTQYYGSNZENJL2,0.9500591016548463
MP8TPQ994QY18QXW,0.4147632349656505
G7QHBWYHS9R82PRT,0.8775556097817714
UFJJIDWDV4DM8RL1,0.6491772910537212
KIZOU04LDMMTZ79T,0.1755985959066393
HKI0Y7SXA7HGLF7K,0.06900208916175318
YORZDH1F564BY338,0.5018611689294133
UJ5PBISJ743LUOPW,0.13538695569499906
LADB89ESC9OZIU1E,0.06900208916175318
M3PXEDQYK4U0NT45,0.6509466337886446
NWL8RDX0JMZ1RRD8,0.24195105844827372
6PGHKS00XWY0787S,0.45367169245164735
JI595Z3FK3PCWIR8,0.7808302808302808
U5BP4M0L9702PLXU,0.8501733465237115
47PSSXTPOPIYPGO1,0.8998373019083318
QH35A9J33YAE9RH9,0.5985507246376812
CF3UBA0O6Z1HHION,0.9813953488372092
AN2V1XT8CXFPZZDA,0.642351237723078
R03IYI18P8MF5JUM,0.8576475560310102
67P57DNL9F6939NZ,0.6889929089679624
QZVPIN9M1S0N4JQX,0.13538695569499906
X160THLE72NZF6SD,0.19329121076693892
OPNYW7NVLX0WY1F0,0.6998075465677477
MJTQSOPIDN2EADPO,0.10081695416748654
RLVGZNTZ62ESWBD4,0.2941260620116262
X50437CWYP98DVGC,0.640144149749812
AY1PSBCRP8OM63JF,0.9937694704049843
YEX3YKCPTA5W3MZ2,0.3780859617609997
KB7AJPIY09ET836M,0.26585143656931604
XFT1GC2FEGKVFG4H,0.3780859617609997
T0DMRA4GD17BGPV7,0.26585143656931604
ILJS3CLHE1BZ1176,0.13809070231531578
NWZBHHGGSQOYI3H4,0.13809070231531578
WWLK4S1AW7653R1B,0.34981133631868944
QUEXYX8BYBK29HT0,0.7431315017337957
RB1AU54TVO3PJSA0,0.5301357943717235
H72Z1PT304MP2FVG,0.31352947789280233
WRCBE37B1CENUJ2W,0.19329121076693892
GNGM0YGC2393MRLZ,0.8229530377094972
P5FJ95S9DX19PMY5,0.3689220378101347
5Z87LOK6R8XCRM6N,0.8835875297484918
UEHWVQQ1N64FXYHU,0.8488930114269788
R2BY0O4WISUPX5SJ,0.5477561315975129
G3RAS6X7CV28G9W1,0.7477680041675897
K187UFY0EWZR5W4F,0.22074027630068205
MAKWH1UTE8J6WYAD,0.7977556232890244
E4WJP7OTP6VP9UHN,0.4726794855270539
GFO5VMVSNZC15XU5,0.21269462664811503
3RTN9OWZ07NWYCYJ,0.5477561315975129
OKN6PRN79PR9794B,0.8651427835868187
W0ZIGHUNM4M7TM2X,0.36971179270227394
Q1QU236AU8W611WL,0.26585143656931604
TJL8MIPS1EU4730Y,0.19329121076693892
C8GOV714RO9JW5QO,0.8488930114269788
6O1U982T0HAIADKO,0.9854952387264975
O4ET8IDPQCZHPKRX,0.7731748927401102
3TH7KLRXM4KGVJY0,0.13809070231531578
0NNF28IKA7E0FT48,0.8488930114269788
HETVZPX7X85CKGU9,0.8501733465237115
I0UO5FOGKRHQZ4MI,0.6366677672437321
393HC76BTX2F3YC9,0.19991892960275506
90DSQJJ3E3ZS9792,0.02290576682233693
6WIM9PYW48O9486T,0.31352947789280233
F4P5OEFILGZYP3ZX,0.06753749991442283
B0EDHKAY7NOLOSR2,0.10081695416748654
2WH7S3OHM5IM2EVC,0.9670891971920019
YEKJ1HLSUQ97C3WS,0.8835875297484918
HN8Q3NOTF2SL0UOI,0.8944021673482769
B2KZI9T0NXTMMUCK,0.5301357943717235
OII3UWM6AETDH8QN,1.0
KMDKJW5N95WBUL04,0.9370802808302808
RTJZZLU7XF5KHE78,0.26585143656931604
LY6NOMP5THF6H97N,0.6335083114610675
Y4Y9YG20Q53YWB8C,0.527111627002037
VYYF2551JZDA3UQH,0.8769364736347804
1ZNUI1J1MHKPA74K,0.36971179270227394
QQBNRX2B9K2LPAKC,0.13809070231531578
R6RUPBZSK5YA0DE8,0.7988546193312533
6DXNM08DRUQG1BXU,0.13809070231531578
M1UXJ9MU0D3H920H,0.46510655761214653
QZ04H0RHELU93ND6,0.8012271236644452
88VP1Q4RXPPD4KRA,0.8066622582244999
8BGNOVJDMSS799LU,0.13809070231531578
VY3IL8IWW5M6280B,0.7073031363700392
PD92OV0YA7KQKBXT,0.11639067252450153
SSJRHRF45FX6PCC5,0.5951109455207816
ZEX0N4MYNDU0QF2A,0.8489318785142451
PJSXRHZ2AHCDYUX8,0.16636532775762602
LJBSPC3AA2I17F41,0.7894073510511866
CYE491B9PZKTGKDI,0.7159172598016857
Z0XRM70RL841EO68,0.06753749991442283
PLYUJPN4ASOE3DN0,0.9003595956023226
B97AHD5TGXNAXIRA,0.13538695569499906
3KNAWQHTLNTR8W48,0.19329121076693892
B4ZKNHKHLXPAV6X9,0.9937694704049843
ZRNBX3KXW0RFGGN1,0.9502202888851711
UB39O3BCNIW0RATS,0.13809070231531578
23C5NDDN2XO7HHIU,0.6606028732548831
PY3M0IVMOYH6OYIU,0.9505813953488372
IULF2LK0U3X7GV4Q,0.28387882935212855
CTNOH2451V81F0A6,0.8556084810837663
TJWNHL9V40B7P13J,0.8769364736347804
V8DB65LLJ5ZV2QJ4,0.31352947789280233
U9PUDH98ZTX2T92J,0.711013392850323
R56F27L5HL26AZAF,0.13662611306798542
NFI8FHND7BW3AOXV,0.34850101055468224
XBO6B1957MOIU5OK,0.9288922963341569
34GMYH13RXUCGGSM,0.38871958577768045
PZM4EKZ985ZQ0C1X,0.36044496033537027
6FZSSUHJZWCDNN79,0.79041248606466
XNIJFEJPJACHN306,0.8516156360642898
ZNQBAY16M4Z5C6NH,0.26585143656931604
JGDBOBC92X7KHFDX,0.16636532775762602
6NT9NF3EAN0ILSJU,0.1817791685832739
66MG7B8VTA4FZ1X4,0.34850101055468224
D1Y5PSXDW8ELUU89,0.7785375512271493
23XHV6F6TPMUK82Z,0.5264151209841301
FQ0HQZ5SGTH8GV3W,0.7744774894825723
ACCGXCRZ6HQKLOSP,0.8883702473815566
LKMXXMRYPENADMD3,0.13662611306798542
YIPTLAIQMOCEH933,0.13809070231531578
XK1XKAPWPLZ6UMKL,0.9937694704049843
D7S44KKGK5JP9MOV,0.8488930114269788
AFW9OZ10SIIJHECI,0.09529633921290932
HYGX8ZCHAD68FGOM,0.5856400550956824
R6X5RSP5AS4JV51C,0.6305619445154329
W2VUF7CA7OXLPC9A,0.9937694704049843
P2J0R7PGEXKLF13K,0.8883702473815566
WI1NV5MPZFKKBE7P,0.2764334471513266
GNK4MGVYR636MJGK,0.36114852551185
JNSW3JOT2ONYZPB8,0.06900208916175318
0OW5PONURA6JNQ5S,0.43251810323598266
8FO4T4R7YJRXDRT2,0.859707649026764
GHN0X4WCWFE8M2S9,0.4663983303518188
LIQJR1NG6YY8KCJ1,0.3974893776421758
IUPJ48JGM5EULSPH,0.06900208916175318
JWZSS0J38CBSBRDJ,0.31253758817086014
WIR1Z9NPQ2F4M6T7,0.16501658532462868
2JUHL3QKWGQ31YXD,0.8847677035041039
40TFHCTF7TT33M0B,0.5376313841740149
IGQTQQ82E7IBKVJD,0.731127359080115
ERST0DIYNYPBXGFN,0.9429010555619998
BMI2P1XAAMHUJRUJ,0.5383590707648181
LF7TPCWS7ALRKORV,0.13809070231531578
0Z93R0BAXQ93C4R5,0.7994300991705646
B1PZD321269S9JK5,0.9502202888851711
0ID51BU4B8TRHINF,0.859707649026764
MVFAP37K3DMOMIWX,0.8883702473815566
UJNC0C15DK3M8FTT,0.10081695416748654
MPGEKDSZS8KA730U,0.13538695569499906
X2XLIQAGETWBFUVD,0.2941260620116262
UOKLO81B465CQVS0,0.8938053819416113
F5R9PDKZN2EX15F9,0.8556084810837663
C861TDOSLK0X8QM6,0.02449497132647474
A824N1KGYZAOLTMT,0.2941260620116262
8OFV0XA09TQZP9T8,0.7212330027598778
3YU3RYVWVEUKGI4Z,0.5387245726531145
TG4UB5SYCRU7ONNK,0.642351237723078
UYV8RDIMMIR797E1,0.13809070231531578
9WSWU2VN1MALBFY9,0.18576874363880214
OLIVG7JBZ1QR20ER,0.5348488783956632
YN0Y9T04SXCUR1A7,0.34981133631868944
7GBJVEFGTRC6EUAS,0.8883702473815566
JAIA4YJO1BNJ1YYN,0.4324609103040557
MR9JTJ5VWSN2OX1Z,0.0981132075471698
9CRMG9VS7BQFS8FG,0.025959560573805097
K3RXHIGCCQK05TR5,0.9937694704049843
CPF3K01AM8EK6FC4,0.9572072072072072
ZXYXWDG29KQU9BIB,0.7490867765240686
31MHSDX2O39JUS8K,0.859707649026764
RGK0ERD638VQJ8ZE,0.7363054484031525
3FN31Y59X4WMNPVM,0.2117027369261729
I9V7M0JWR1J3XSHK,0.8416198450478861
32UN1N07NYB20BCR,0.6841348778771076
D1EEBRXM98DV6PDI,0.792077724593062
ZL79KG2LFV7D3XYC,0.8644837665547964
2JMZPTPPI7PDTAZ5,0.7835864327340167
D5G1254AD7SYY73O,0.26585143656931604
NEMRRLS8QZBCYQMM,0.19329121076693892
3CLYHWY78NN17PBW,0.9429010555619998
7Y0X4U3PY1OMYCII,0.23489046226463497
OM56G42IIEIHURQT,0.26585143656931604
0FKZ6L1M8DT0QR99,0.4617776121874482
PERCBBBHSU2WC9G8,0.7318840579710145
IIA0A02FZFTC4XCL,0.6060103855927522
73QNSU5FFAFSERKK,0.8938053819416113
OOVVQ0BGXJDE38FO,0.18051551372157895
DEP9WBXJDV05DVT7,0.9288922963341569
DMBQ4U83DF9MMEBF,0.5387245726531145
22YJ3NIVXBS83NSX,0.7915926598202719
0F6KAMYVK2FLT5ZT,0.8998373019083318
CJ4YTD4N2VGRX987,0.2706133413312208
P2VSSILV960A48U2,0.6841348778771076
NE4M40FWT1187N6H,0.7212330027598778
WKPUMUNWYRDHWMH9,0.1447811447811448
OYVMBO5PJ8TVE7SA,0.4147632349656505
PXF1WA1YKYMJMPCA,0.7367539110731198
ZZAL90PBPYVBN59P,0.26585143656931604
ZCVB28U5HQ18J9TY,0.4410459867469058
XLJ3EFVR9BQIM2ZT,0.16501658532462868
I9ZW1ZNWVYFMBQZP,0.5881580577232751
YRBHVS3OCVIBJV5F,0.8367550080875948
3EZX7UFK8KK36G2S,0.9418473262383392
8K7G46OZ4RLHIJWK,0.6309523809523809
QHA8MCV1KXI3G52K,0.16636532775762602
MNBC7UHNBBKBOHP5,0.4147632349656505
V5FE7HI4SDBZ11UK,0.8606867014749405
I5IYUN3TWM5FTXWL,0.13662611306798542
C7H4YP9HM4B40NPM,0.7208879068348634
4QTOC7R5CHNN0YEP,1.0
58MI7ZYHS2X8YTIG,0.4430945343207366
HCRK1M1GD0WQSKT1,0.744410845373796
3IPR9CZ0XISOS9XY,0.5477561315975129
2ONPVCX5Z516GXRO,0.13809070231531578
D3JGMBPCY5RX4GPK,0.7994300991705646
26M7MAV4LVYHR6A5,0.9508007204049843
LC860HIRZR31EA07,0.3780709799881375
4LM6WRPC0QL43IMB,0.8488930114269788
9FPQXF84I979PW44,0.7141291897006824
RAF34GDUCGVH3QWK,0.19329121076693892
I37LFC75UIYLL6IB,0.7808302808302808
UZO4H647E7Y4LPOM,0.26585143656931604
M8LOWFHM8MLXR2XO,0.7644725123471784
E6J2CARI6R8OC23Z,0.16636532775762602
MJFCH8LGZ5GL051K,0.13809070231531578
2AEULQ8MIP3ULIFH,0.45441413738312497
D0P339KP0GZ1N1HV,0.13809070231531578
ND6X48RE2QVBZ3BZ,0.5495392102528996
R6GNLW7JCWDXNGV5,0.43633863339672807
IYMWBFZ7LDFBYQP1,0.7370169351751407
YJVV1M27C8087P2L,0.19892703988081292
SUPSURQZ3MZA2KCB,0.7862078508527032
19HN0Y2CESSRQTCM,0.8938053819416113
HLXG2O4HYCFEE0AI,0.13809070231531578
FS9GC7ILSD6J9WNF,0.13662611306798542
1IU2URUNX9LDH0AF,0.8674515160325816
O9FUD5ETNQ4LGB9D,0.5119243640873758
XXNGCO2WW8U7TLLA,0.9474969474969476
TYQI1G2KDIF1MB3T,0.16636532775762602
NET6QHAJ19M0YVHA,0.2941260620116262
NBKO93DV9HF0F9U8,0.5477577139570237
QBAUFE0NUGHTPL3Q,0.45940430030240526
4NHKP6IA0W93BDLK,0.7998362048938567
79KNMVQUGWDCO1ZB,0.5608102075023221
8R8RHT49RDXM2OYM,0.26585143656931604
4J5MQ0BSB7JRSZGL,0.9384265988372092
8XTMOR87QIMQ2KDB,0.8501733465237115
VDFX99GX0MNNVNSE,0.13809070231531578
13XNUCQHYSUTE4H0,0.26585143656931604
INPL6O1QENGVFVAM,0.7513156120244515
7YVDE0IMKRLWCVOP,0.1522408882792687
134I3DJ5P5FDW0DT,0.4430378604079607
PSIEQRNB6TRPRAWT,0.7718636579153054
KKOAPD12QBL10BMM,0.13662611306798542
XW5C172RVHD0JDL1,0.13662611306798542
IXF7B0DA2SOJSPRB,0.792077724593062
K83K51JWKAS1WJ4K,0.5497797542679776
SC342X5AB28XSTCZ,0.6145010402833567
HN17TAHCQEK5HZ7R,0.8134187352064447
375FVTEQG4XB67KN,0.8883702473815566
AMZK11ZL92NR1C2X,0.13538695569499906
Z1D74JWKOV47KZI5,0.7076578164160402
2SG9WKHNMBSM2EGF,0.36044496033537027
ZP34NG0XB0TEJR0Z,0.2941260620116262
O5JW8VYR5TO161W0,0.6998075465677477
E4PG6TU3E21NM8GJ,0.7998362048938567
TV8GUWLB2PVL72R0,0.7785375512271493
L7CZ0OLWEQ18805S,0.46802890245378315
EZMOFA4UQT8GHZAQ,0.26585143656931604
BUH0HS8RQUL88ZI8,0.4607927286782929
XAM8B1IT3AVPCDVV,0.8998373019083318
K7ALU1TH1ZI5EIIH,0.1857097499343634
5FOQE78NZVJAB1E7,0.5193211567719384
B22NMNZQLJ9YZXA5,0.3974893776421758
04OPWZNUKQ45STO7,0.9489329755287201
4EWHKCF1NIAOS41H,0.6097612009874033
JY8L0LASZA274MN5,0.6335083114610675
NFMX0IO1MAZZ42Z5,0.443747688894367
7TI73AP2PMAC0O5P,0.6421603873070655
OC9NCETUVRC2FJ2B,0.13809070231531578
KIED1CKE56TFU22P,0.13809070231531578
CZ7LWQ2H5M74B2QO,0.36971179270227394
EJOEDVUU9WE9HG4M,0.7409419508369465
614PRR0FX1HKLZOL,0.13662611306798542
CPUNSDR62XO3MBK1,0.5049322184768492
4TNW1MWZ1N8C48QP,0.3974893776421758
NJ4SGJ3LWE8ZCRXF,0.2633252818035427
3B87Q9Q1UB2BENGR,0.14285260707722056
YU3R4X5E9D3S2HM4,0.2941260620116262
7ZTD3VNE02J8RGOK,0.31352947789280233
Y4WGC92MHGY51TOJ,0.22857768842148674
4OWN9IDTL1PSTNWS,0.5387245726531145
B22GR1F5BANYKJQN,0.13809070231531578
SHSZYOVRCO09MBM8,0.7582277173227324
OJJKE6V9BAQ0CJBH,0.9429010555619998
EKP42OQHMJGYWXOW,0.4748873270503388
XPEUWR0HQJHVPCBI,0.06629834254143646
BYJ3DMV204PJWM5F,0.13809070231531578
52L0L8CXCVK4X36O,0.02449497132647474
CF7LJ4BK6D05RASZ,0.8012271236644452
3B0I47TQ77Q2UY46,0.40806400795441783
05GSSC89T2GNS4V2,0.5476259031317218
CNJJGANGRHV9FNDG,0.5900488563717311
1YO67F98SAHVMKBA,0.10081695416748654
ZNSO79NVB9J1FO86,0.36044496033537027
Z7N0OSRHSWR0UPF5,0.7250523034894577
2ZUUQMKDR7EFQ0C0,0.13809070231531578
6VX946ANOP7LOJNR,0.4257515390283324
XHE7QI4761JBTOP0,0.5964546926954676
QDBJEPSP89NU5PRC,0.26585143656931604
KK01UQBHEKHL2676,0.49104653132962817
A71717ZDJON7HBOG,0.9794633187597771
EUBY9WPXGCTZHQDL,0.34981133631868944
M4VDL86J30U67O3A,0.6956276570272132
1PMP2KOIMR0VSUXE,0.2941260620116262
XMI2HBHUPQ4Z6BHD,0.7073031363700392
FO42VCRCLVC6KSB6,0.13809070231531578
9SHJ5VCX6T10J32Z,0.21269462664811503
GR9YREUUIU9M4UKT,0.7431315017337957
7QIOVSQB5GT4JWZD,0.5016452120896903
45WZ0BK0QA4IXV2I,0.7389930852921691
PN7ZLG4TRU9WCA9C,0.13662611306798542
7JYTNDA1E7LNWWZ0,0.09935236492015619
US3IIUUXO1351Y7C,0.4444918619675901
4BU5G314OF2HA62H,0.6321383736354167
C2PRHMK2Q504YVGK,0.26585143656931604
UPQEC9GSMKUXUH6U,0.2772511105163124
P3ZDOVM88DURS3O0,0.38871958577768045
L95E1A73V8UB6HVB,0.13809070231531578
C8KXXG2UTUYUEM99,0.7478315727749258
CNWBY44QEUMJP8A2,0.6127096126039847
MJ7C652W1HSF709C,0.875
MKVT5AVV40UJ76BD,0.5114168618266979
HPL9HI5XUUPKFKYS,0.13809070231531578
KD0OWPQ31X3ULBQ2,0.9429010555619998
81RT2L2YRMQMMGJW,0.13809070231531578
YK9YUEV63U9JN2VI,0.7813175437399039
PH473S1F2535MHVV,0.45466854657479083
2W3W3UZF9HGKVGQ6,0.44376554699876386
9SGIFRFHYB2ESQWY,0.13809070231531578
8SWMZROB0RTYPHY1,0.31352947789280233
YQYSVLPRTV3J6WY8,0.10081695416748654
00JIL2JSK5HG1N0J,0.16636532775762602
MP2UHF8H8HZ3O5ST,0.11496714013143948
E93Y0IDYQ3OO9ZA4,0.7363054484031525
OKIVNMBWYI9JA9RC,0.8253700728880462
L4O3SJU54T3Y2QJR,0.16501658532462868
B9V3I09FRXWTDZOY,0.49741280895101675
A5Z9XMQ1KQ7UG7GH,0.38871958577768045
YNBMANCD89DV28T0,0.8998373019083318
BLNN8QK2V8R3CJJG,0.6417119246370981
6LBOHYYI74P99OKD,0.802158273381295
ZTLUO16JZXKUGCCA,0.34850101055468224
0PPZRBWXF6CIEX5Z,0.31352947789280233
VL9ZJD8NT3X1QXM4,0.13809070231531578
Q27F0O4WSF7HQZF1,0.8488930114269788
8LFKNO8X5IWAMEEG,0.49713114754098364
OI1JV90XTDXFGXCC,0.34850101055468224
K3676SSDT66SG93J,0.29888796677353097
03A3W12IWBH46V6Y,0.9854952387264975
M4VJTGN1WGUOQ5N4,0.021441177575006572
MA7F64JMINSWHDFH,0.9818313953488372
5OCZ3KIP6RW2LRWK,0.8944021673482769
EJ076E86LE7UY9F8,0.13662611306798542
82E9A4DYHIB9REN5,0.7482328973804814
C22KFBDJK3FOWSDF,0.4444918619675901
3C06LCYS5MMH24MR,0.9081115335868187
V05E681Y9LI7R39N,0.4499205876513798
PJZLEVN3HZOT6WAX,0.4503128191138095
MNVPOEOD6I7X5TM6,0.8523137388281087
1VODJ78HKCBQIODZ,0.13809070231531578
RIL6WTPW2WSRO2D7,0.2633252818035427
QQ84HR1ZPONP7HAP,0.7266681373199324
Q9GXFC8GZMFRT5SK,0.7477680041675897
2Y8LAMXGG9DLJLZ9,0.2706133413312208
06QSFWRPU3KVUX61,0.8012271236644452
D405DCX561L6WL3T,0.8883702473815566
RY1MQXUG0T32M96M,0.31253758817086014
RNX37O8SWSX3OU2J,0.38871958577768045
SPCT79OQ0ID3X5WG,0.5770053613774616
3KVJ1NDZY9XP6DA9,0.6998075465677477
LTEAD6M67EYHRHBS,0.8253700728880462
44WIVN2WNOA7TLAR,0.7590475349802666
OTS8HP8QX67CTLAA,0.13809070231531578
OL5GN1TU90H9B8OO,0.7073031363700392
JOP844YUTEBNGMDN,0.4305032259317099
FK99JYQRK2YQ4EXM,0.26585143656931604
98YOVF5YEB7DDU35,0.31352947789280233
1BR73U5KQF6A4YCI,0.7630754125599487
NWBAWP9XZ6ERYA8I,0.7925261872630295
0LGC6EYXPW0YRJWP,0.8488930114269788
1QID3G8UP6SEXW25,0.19329121076693892
39W29MLXHZV290OQ,0.16636532775762602
EUW7CVZCERYTR4OH,0.025959560573805097
YX1KDCHT1T30EHC9,0.16636532775762602
70HX7XWDUW48Z36G,0.1522408882792687
ZIV38XOMVVUZE2RS,0.9670891971920019
G5LXI90LTYXZU05V,0.19329121076693892
Z4SK8VSONMVHLZ4I,0.13809070231531578
J9JMUW7M1V6W26KG,0.46510655761214653
JLFL052M6AYOC9X4,0.13809070231531578
V8XNF2DWU0NE2K7K,0.4324609103040557
BDO7CQE93FMXVMIJ,0.06900208916175318
GPYXVHNU46GM6DKX,0.13809070231531578
LLV3QHPCSIVQJW33,0.7577008999557154
3OURKAA8O8WA8GBO,0.46244127628913684
5G76COD9X72XMJSY,0.5622180840057935
20AI3PHVTE5C9WOE,0.2456159960258321
MT7N8ESDL8O2BFOT,0.5630363982779877
J507J1N7KPNZ082E,0.4444918619675901
W97CW88A5MRY8JZF,0.6750677796803654
58I47SQ87NZN8W6U,0.7490867765240686
Z0223BWOG29C1I3X,0.11785526177183188
JVLOUOMIJ2VYZDRN,0.6147316529149387
U93KUIFX4MJX47YN,0.16636532775762602
IOBZMEWHYD5SNUCS,0.7920384760944331
05CZTQUJ2D2QI3RI,0.437545229076294
2TUKDBE826F2BARE,0.9917257683215129
T2ZSR19F3XC1A14I,0.18576874363880214
4IXPNL4WTGCPJEHA,0.46510655761214653
UC3XQMNBGH3O500N,0.26585143656931604
38ZRD9YNK7LYM4JW,0.23620078802864217
R1Q8JLHPRXSDUINH,0.7944010703338019
CTOXJ5I4T7T8E4Z0,0.5689669137451046
0YHVND810D2NANCE,0.9142384572072072
C9L1W4DTTCV6P6XU,0.16636532775762602
FFXXWXOL7JNZHK1J,0.5301357943717235
598QVK5K7KJJJRGE,0.410338694710795
9KZW8ATD6BBD4A4V,0.1755985959066393
DDV4JM3UVXONRCZJ,0.8998373019083318
VAS8MO3R8A6QJY6M,0.8938053819416113
S9QPN00AEFFF2GCJ,0.46244127628913684
L4VBVSA4VXMLWNQF,0.16977849008653345
5KQIII3O3MCTA7GG,0.7827255909909759
919T6423IQCNCRZA,0.2941260620116262
XA60CGR560EI9FDD,0.8393587089239264
KZM136FCVE4ZAF04,0.2941260620116262
PPWQB1GPFH2C3UQV,0.778089088557182
UXGLRGVKHHNG8KMB,0.1522408882792687
YWKC9SLA4O3BEQ4I,0.8576475560310102
LTCERK9VPUI1HVSI,0.13809070231531578
TJE0CQ2H30DGYQ9P,0.021441177575006572
JVOCF8PSBLZRCHUX,0.8020604897660819
0WE97SFHW3TMCWT9,0.7318840579710145
02KHZO8S7Z6FIX41,0.7367539110731198
3J7Z9O0XDUQF1M56,0.1559601618425148
8CH2FJGNEHGM1Q2W,0.4942985944601684
MBZQ09UO7YD1XKS3,0.8938053819416113
XSKAF5GIH52LA2TL,0.7944010703338019
V1HMIO1JIYMEV65N,0.4305032259317099
7PWWTH89VAVIKL91,0.13809070231531578
NSG9IDS0TM4GTQLR,0.8665944975878698
LKRYWQO9B358H20Z,0.36971179270227394
VGI98YAOZZY79C3V,0.5067629136851521
HW0IJW18KR8DG93O,0.6859303200114771
5XPWXGP7TN4BOQ53,0.7668416447944008
ROA6350ZWZJZLJ07,0.025959560573805097
XFF4ECCVIR35ROA7,0.7490867765240686
MZLUSDQI2RRTBMGH,0.13809070231531578
RE16VPCEFX1MFNXO,0.8016120270961146
RQRMYT9RK9FEKN87,0.7463933141028404
1E5PFGOGZBNMN9F1,0.13809070231531578
6KXFRIXP3HIQTZT7,0.29665452639748846
5UBC98TBWN41XDDP,0.7073031363700392
BWKMFA0B17T0QK1B,0.1522408882792687
EULDNKSS9MXA4IZY,0.5597000813782008
WG29WPE147XR451M,0.9489329755287201
RBAZK2XMPC68YOM6,0.3182913826547071
23YFJAMTT5OCOO7I,0.9670891971920019
RBF9OMLWX50IDATD,0.13809070231531578
XQBQC710AZZ6WYEU,0.902676399026764
848NJ12I62X21KFX,0.7322451317296679
9YL067747FKQ7H5N,0.19991892960275506
MFLP6LBV2XOKP0W2,0.18576874363880214
USEYLI5RLSN6AVQI,0.6001698654083273
UOA1S7W6PTKKDGTX,0.44716894043591937
2S0SK0W4247ZZ4JC,0.10081695416748654
QB8G28POJ8YEUSTG,0.5740427517047673
IJMNI27NFC43E1WN,0.5018611689294133
6QRSJ8E2EUKP3AGN,0.34981133631868944
ZFW6NS6CQLCVJ14O,0.5470911374326816
73SAM3AKELYANX8H,0.6139146805379926
IC2FXYX23PXSWDX9,0.8416198450478861
D4SJL346UHNERQ0W,0.5560287437343359
A26523WGFQ8M5KOU,0.13662611306798542
VAQ63G5GSX4A3XCX,0.859707649026764
2PT5B1291WV1P574,0.5114168618266979
55B0N0RB6I4026RO,0.2941260620116262
RT6S5UKQSXHUTRMV,0.06900208916175318
1VQPMITSS7I7Q91L,0.13809070231531578
YKQTG2EEC797IAQY,0.7785375512271493
P6L9GLTQK6AL9PUX,0.18576874363880214
IP2AGF8WV0W0M9KN,0.3962962962962963
G9COFNZV277M0L37,0.49104653132962817
PXTSMGZ478QQ32RQ,0.7076578164160402
68RK8O4GTJFC1R5G,0.8016120270961146
9UYZT1LLVPKOAIEW,0.18051551372157895
U1BER4H91AW2BJK2,0.10081695416748654
V4A7VPXG0662V097,0.7095430267193783
MHFHKCGXP0WGELIN,0.13538695569499906
5VR9P72ULJBMC8L4,0.9272777818660517
UV1N45UUSAQOXRA4,0.7802100973333302
QKNDZ5JW3PXOP2DU,0.4147632349656505
EKP0CBOZMSAVTMFV,0.7808302808302808
IZE8IN7CQN02KSN2,0.8235731631029607
NSXWV5TE89XKFTV6,0.36044496033537027
0CDBE895QW1HVZ1L,0.06753749991442283
DLM44E3MY0R0FX27,0.13809070231531578
9R476K8L3HBUTSI5,0.9860175324204882
EQXYO3L4P3EKXQTH,0.5477577139570237
6AHFKSOMY5XGDEEX,0.3754444005530318
RNESTQQSI0BTKNJ0,0.8488930114269788
62FFBTS9QTL1QMOJ,0.13809070231531578
3U22N6CCYNVX7OS6,0.49144358832225016
YO6VVAP8IMS042AQ,0.16636532775762602
1FTBTJF1FTYD9UMS,0.24897648507400214
DEQQKA5IYG7STMZI,0.4147632349656505
24I24IC8MJMUXNP3,0.6998075465677477
JO3Q6NUWWXED3KZ9,0.8715013390747256
JE66KD2P460JQFDN,0.9917257683215129
BO51KJ83TFR1UQHO,0.10081695416748654
KTPKI7LFBHKPRPLS,0.3780859617609997
KIEWDQV3V6MUTL3H,0.8883702473815566
G9CCFB2TQM1HLDYV,0.06900208916175318
K0NZXQ2EAGUINTGU,0.16501658532462868
00NY9U0U93TMZCTX,0.7942842258761802
Z7YLE5MXSK3KM9RG,0.9489329755287201
3QFW266BEPGDL0G3,0.5477577139570237
RF6K0O1G5JGWMJ3M,0.8229530377094972
LHWVM6270WGF9VQX,0.7668416447944008
L6CSY7YHE5HY6OMT,0.46244127628913684
QWJWN9INEMN9UMI4,0.522403575055126
E8VXYMR7Y7N7MFAP,0.34981133631868944
DW1W267XHH93UM2W,0.2941260620116262
YE5K6H543X1A6BF2,0.4638952778487662
97S432VC5LG9YXYI,0.31352947789280233
3K8W9FTBNQFSDMTP,0.9895833333333334
XEI1D1TMA4LQ7OPV,0.13809070231531578
AAVXC4B5YV2LFL2C,0.025880658937305134
SDJ2Y3VY75A18PFV,0.40222860048939973
O2ILV43U9VNSJ8P8,0.3241114884748129
J8990TY9D9X1WMV2,0.13538695569499906
ZGD6A8NDABPGYMAU,0.8263737651106271
DPFO1B6M1EEJ2WFA,0.8938053819416113
4LJ7I5V664F0DR9H,0.021441177575006572
QLYXTAVVQK5DP148,0.18576874363880214
405AOWBOOTOYQW9M,0.15119825708061002
NSR9TEXUPX9ZUIMS,0.5400288253243798
XWGF5ZHGS33JH1KD,0.6841348778771076
4GW8MUZ5QN1SMAQ3,0.26585143656931604
FB9P0LRXTIFY711I,0.8016120270961146
90ZHXCQCOZMKIXWP,0.1522408882792687
TG6RWQMZD47DH3WC,0.9542214478061144
OU06GWY0UD599PVC,0.13809070231531578
MD3ZGXJYD5VK515F,0.8775556097817714
G7Y8MCHIJLKQZ1N1,0.4430378604079607
DWXLY3BRE9I0P36R,0.36416013304823
8JBPC5Z14OSAY3JK,0.1522408882792687
O0EWSZZCWXDZVO8L,0.31352947789280233
K5MPMIO2Z88KYQ09,0.8809006492330772
GRH5RCEBV2BR66T3,0.26585143656931604
4NYQ7B1507I9J2OT,0.9429010555619998
LE7XP1EL7WN780G3,0.5924661084263257
PWNZKPR65AX3L42O,0.06753749991442283
Z3GAL79ESXWKWY0R,0.5387245726531145
QNIGSU914AG90WGY,0.19676282341575338
0ZD1CA73NLFZX79C,0.15066650107633714
PWVF5YB1A8W7GMXS,0.9854952387264975
HKUQ4OIKKMRBK8XR,0.025959560573805097
WJ0HYZ9Q5JE8Q0JL,0.731127359080115
S8YVJH8TEL2MJV2S,0.4430378604079607
3ZKLHA8BH12GFLLR,0.45875365681428426
HG63HMSIUIOZGPVB,0.9854952387264975
R5B1L3G8JV0ATAS5,0.3961286412753194
0MB146QBZLG20SAI,0.13809070231531578
AFW5R275VQBL9BLK,0.8938053819416113
2G80WFXVVO8CRKEG,0.16636532775762602
I24YJW5CJH71CQ27,0.6356192532325328
ROCDQKALQEZ6K2FZ,0.8416198450478861
C9G3V7SW4UBX47B5,0.2644754134709524
B1S2JV39AO9SARR0,0.13809070231531578
M3AH6PXXIDZ7QGZ1,0.4257515390283324
HR7CJVSY3MCTFC24,0.6998075465677477
2EE1ZHG2R9G88Z1U,0.8731200201442473
OK6THWC6U75EOXE0,0.13809070231531578
SS73IA8S2A4CETCB,0.8012271236644452
PEONJRYIKBYU3Y1B,0.16636532775762602
DTEDQ3PQKS4V2EDP,0.025959560573805097
6WQEE2BU2VARGIL0,0.13809070231531578
KWUK4YFMFWETJIGQ,0.8134187352064447
I7UJUWYUC6SYT1J2,0.2941260620116262
G4SVL4MKQVWFSO5P,0.025959560573805097
I2B8LWIJ7Y88YHW2,0.26585143656931604
QI8XN8UYTUJSMRFM,0.6981235139129877
K2IT89QEPJP5TEUD,0.8998373019083318
DCFY6288FDS2O7H6,0.06753749991442283
ZSG379NTMVEWAOOU,0.4324609103040557
VBXQ9VB3LX9ZDLXY,0.6463484270708922
VXJ7T074HQMZKAEG,0.46510655761214653
GU4NVRS396OUM33Y,0.7073031363700392
Q26S9352YHUG8ZG0,0.4430945343207366
AW11LJWRIPJTGYTE,0.4147632349656505
UB8Q7IBR3XL2FGDU,0.5939153439153438
3GH3N6OA9IX70WJO,0.34981133631868944
H3RA1QZEN2V219QF,0.29918476990264936
IQE17I98G0C524FO,0.021441177575006572
3Z5JS7PB18D8ZW88,0.2688769414575866
GK8OT6LDDJBLB3KA,0.878011644869308
PJ6QEVJ3BXW62DYB,0.8769364736347804
HOSLU9M87MOW91E1,0.6169925223117937
S59AW0BUMF4O8HP8,1.0
DFGSJ69LO07B2PJL,0.9288922963341569
MILW1YQBDMM3GY5F,0.8229624621699699
U0XHVQLYYNIVXNNE,0.7083612695318003
QTZYTMVHK6P97OIM,0.9440271816881259
DM40D17B6L7PKZMZ,0.9489329755287201
CCGKFM8DTRHEW72T,0.8516156360642898
18Y1N0CHDQZOQ0GG,0.8489318785142451
87UPOHJ43O32ZG21,0.9736434108527131
RHJ7NSC9N3N6EZ6P,0.3047080725936368
Q7X16KVNPTQYJYHP,0.3961286412753194
R3WWT9LCROV66ZRG,0.26585143656931604
A9KQO4H4R82MEICP,0.2706133413312208
5C37UKV7KTNG8SRB,0.644132734018954
LFQBZJX2EOSJRBLB,0.9508007204049843
JF7QR7HXQSBE7JRU,0.45402616447064265
J204TSFMMV2XBS8X,0.3974893776421758
YRVHWHAFMVXNND5M,0.06900208916175318
NKE3HZC2E3K7LQCP,0.42507844296400715
77JSYIJNBI25QHHB,0.7825884543761639
E56UI8W8OI6HG970,0.9937694704049843
QAU3VY96J35JIL6J,0.46510655761214653
UMFGI7OZKN628RNF,0.2706133413312208
RJYDV6YIU4FAHEP2,0.47447728843077686
SC7LKMJ6TBREXDE1,0.3134704841883636
LTUBDM00JV9CDTLK,0.630464480874317
G7Y36HUL1JPAONUK,0.8651427835868187
GDR7LL62JNKY3I5W,0.1325047419387042
EGR7BJ0R7TW0UC3S,0.3961286412753194
ZDJE1RJKHPSJ3SJG,0.7040462620404626
A8YMRSA6AN4ZXRCR,0.4498476481084473
N448Z7YCZVDHIX3B,0.4933811830544568
938U5WWBF4OWJ5LL,0.24897648507400214
OCGXIO864ZX2V9VF,0.7944010703338019
AOEE2IR1SK3YURRL,0.10686566657171037
N0J623PKNN2P0JVM,0.679609232143437
LGFYGDA1P0WHZL1H,0.13809070231531578
125W2WZRXBQ1MCA4,0.3590830211366929
85YF1YWGNGUKJTD6,0.19329121076693892
K41QVSOXUJBDJETA,0.2764334471513266
QT4TZCZ20DCKHVMY,0.47003792431908603
R02WFQ669XVDCZ1D,0.40222860048939973
ZH5T6YG8Z44U8WIL,0.8998373019083318
U435GZ2SRL7V8LS0,0.2941260620116262
V97ZD41F0CIAHPQT,0.46510655761214653
E7219N5ZGKHV6306,0.44376554699876386
JS64WXCDKW1YYVE6,0.8576475560310102
7U79Q9PCDUKM1QEH,1.0
4PPKDA1MPOHX5W3Y,0.3039808601146891
LB4ACPNZPSKBPC6B,0.8835875297484918
3G7JL9LUB6AMY8WS,0.26585143656931604
SI0O3F4JJ0VOS81M,0.19329121076693892
IPV89B44W25F7P14,0.2913563471818077
OZQW39XTD1EMN7VU,0.23965236702653972
RK1I7SZPDMBMVDHI,0.34850101055468224
R3LFSLR5TRXOQTTB,0.9937694704049843
3YEE1996JSJJGCYY,0.1325047419387042
3GVVTQY087BL0GOG,0.9731211171587223
56HI4LMHM5324LAC,0.8769364736347804
XF5UCUED99ID8GRV,0.3974893776421758
BRXRY1LSTRPSYNE5,0.8501733465237115
W6JAJKGH2ZEJUF1M,0.10081695416748654
CGNHD54NWPHX08V7,0.13809070231531578
SXYUV3WG38JLY0CP,0.10081695416748654
64JY98R2JYWXILSO,0.24195105844827372
SHTLHTKVJ41E2KZS,0.5127845989356329
KTTE2QG24YF31JC1,0.7378657216561666
YVW8OTT0HI2NMIVT,0.31352947789280233
CLKXNOHIJOB37V8X,0.8938053819416113
R0R8033LZGVB14MD,0.07376399392365794
KCSJHDIMSDB6P8C8,0.10081695416748654
V32C4F324CPOB49F,0.4607927286782929
BD1KA7CGMZU1TREU,0.29918476990264936
K8SMZY8RK8T2L0CG,0.9272777818660517
PPJAHZPMNFYEJ749,0.13809070231531578
TO2UWT4LJFVZPEVJ,0.16636532775762602
OTKOCRSFMMHX47NT,0.3780859617609997
3OECUL5VBZ4GEMQK,0.3802938032842846
0NXPMZ3B2AX1L059,0.5018611689294133
Q8CXGJUPSC2FAP37,0.8631283764278939
9FHWYM746RWQ5HNC,0.9003595956023226
IUT11LSB6QVVLRZM,0.36971179270227394
BGOM0V6BHD8M95I9,0.16636532775762602
HD8FVIYDFNPXE2MP,0.06900208916175318
X5U6Y2PPTZ83V1VM,0.9489329755287201
XNLFTQR7DS30XZKX,0.7309896520388123
ZP5NXFGIXBVQZGKD,0.644132734018954
YYIJAXOJWWOMO1DF,0.8938053819416113
N2YQ1F1RFTYGKBEG,0.8944021673482769
WMHVJNNGQNHF9WUP,0.021441177575006572
FVJ7YT6A8CC4F0L6,0.13809070231531578
O8C8C3KHMMB8T1DR,0.4081230016588566
70GGONGT46Z0WMZ9,0.3182913826547071
MYFRJT1M37MQEP1N,0.8516156360642898
E3FLJ2ET9N5S4SWQ,0.8715013390747256
RP0LF1LI9CWSUY9M,0.4147632349656505
NNBYNMBL4M1TSJ31,0.537986064220016
F9CWYXWCM0P08JBW,0.8253700728880462
1LURXBUTED5BXVFW,0.45574204927790424
G4H7F4GECKXLUUUE,0.43633354961034304
C8T6EUKAGCEZO5HQ,0.3780859617609997
ZUF7PXEK42FHZQTE,0.3134704841883636
5N4AT2I8S38V70YH,0.27808745942687957
VIWUKLVPEM5VP2VF,0.14843600178653416
M9RJHJVMO43BIGSQ,0.12247628927099398
8JI6UU7YKWIES3HV,0.8250591016548463
1I8BEXKFKZZ57R1B,0.31352947789280233
595PFE77QRI7EBHZ,0.859707649026764
SBMO285G8EQV2NCO,0.4481200327976034
1DTFQ5JTWO2HCNDW,0.5185566037331137
P2F7O56QL2V5URDH,0.7835864327340167
T2498D2MX88Q8H4R,0.7003150488284255
HANQU2SOGRM3KU40,0.44421400966873126
QP92JSEZ3H6WY5AY,0.8685635109879487
ZL042SR0SXJ0IAS8,0.31352947789280233
OK81XFC4BEOHB3J5,0.38871958577768045
9ZE3N0NGZVIZ387D,0.06900208916175318
FAI4MVIS7A0JE469,0.537986064220016
XJ6BGOAF1IBNS3VU,0.8651427835868187
JWMKT3ZLANI2WSPM,0.7562045354217576
SF3M97F3DVF3KCI7,0.29921895535278437
FZ5BXI87X7OCG47P,0.06900208916175318
QQMM98D6SXUCT7B1,0.13662611306798542
NAEDKG6D6M4GK079,0.39452779442216657
0WI8UW4VXY17W3DL,0.8516156360642898
N13R18XPLKH7MQK1,0.13809070231531578
ABWX73CLHSCZQPKH,0.8556084810837663
01AJ6HCN7DORQXCR,0.7490867765240686
0VAFNMXBX8KYG4AC,0.79041248606466
BVNB1JS4ISSI46R5,0.7490867765240686
06VAZXVAD16SD7NP,0.16636532775762602
GG0YKJ3QLL31XWRU,0.2941260620116262
R4GYE5LO3TOEU9MU,0.06900208916175318
AH7OPHWN6STUVEIX,0.2941260620116262
ZRJHK1NPKSMHQTP2,0.7998362048938567
W4PX32JH1CD9EFUE,0.8393587089239264
1SH1ZE6SXRBXECUA,0.6060103855927522
BZPKQ0D9SKH5FSN9,0.13662611306798542
S9NXBSFNETXFKR4B,0.6986246751121309
MCBP22O15Y9JLR1S,0.34981133631868944
8P6LR2V0EFTANY02,0.23639939879422978
H26UAEUUPBV6HAGZ,0.8651427835868187
8KYC69AFBDS7UW57,0.8016120270961146
MZDR8GUKUE9NRCP4,1.0
NJP1QWAK3JMP2VGK,0.13809070231531578
VG7EDYIDY2249NVM,0.16977849008653345
0Y6GGVU1CPPIM4PU,0.6491772910537212
UHVLFXIECVB8NUS8,0.7920384760944331
X6V3SIDH4YKDMDQW,0.13809070231531578
8Z6ZXTXBUB9DPO7L,0.8056054294921019
2H3B15BBSN8P183J,0.7560873250183352
7A1T06PMBVGCI8P6,0.859707649026764
I9Z4B2QHHOPRIX5O,0.4081230016588566
6YPMF1XQX3GG55W9,0.13809070231531578
A4EMXYOK701HK8KL,0.778089088557182
5W341USX43XV6PK3,0.16501658532462868
V9MKEWS5L8FPK1FZ,0.4081230016588566
AG8JARJ5TMEZBGZV,0.32760942760942763
LTMB9NZW41DOUWRH,0.3780859617609997
6KCWCEF6289KMJB6,0.7630754125599487
KJY4HXVPZSI8WHQB,0.9505813953488372
83OYVC54L2ND6RI9,0.5210486279708664
N5LX99JBQ14OKL12,0.2941260620116262
9VV3A7TQ20693O58,0.06900208916175318
9R7OCZQLWFPGQVPV,0.10081695416748654
EQVLTUKOBRPND0OA,0.06900208916175318
AFMILIUAV0SQAEWI,0.13662611306798542
99I2KRLPGS9VNSXB,0.800831175134296
1PB8HL36UP5HJT3U,0.9794633187597771
Z73Q76GD4BF2ZTL8,0.21269462664811503
3P3KWC5WMNC51UOL,0.8883702473815566
287AVV48WD7UTWUI,0.18051551372157895
FT3K9ECQIE1Z5RK3,0.1367673524976896
YB4K42UBQDPW2R75,0.48019614455946896
AN93FQLMI971RBT6,0.12427237407129711
LR1PQ6EASS4CEI52,0.7836736463345906
JQUH3W7VHJET5V64,0.22857768842148674
NPKUX6W5DVI4UWZZ,0.5893552278085421
DYPNH4E0VX49E0SK,0.8138541798140436
2833RXB57NUK05ZA,0.4577379939962431
HVK01IDXD0W844G6,0.11972904489334424
A8I8DYEZRLQGASX0,0.8134187352064447
ORE4Q00LV5LRX9IO,0.22074027630068205
CC92MDXHQDHEG0DB,0.2764334471513266
JQ8QBBUOTJGEGGF3,0.6491772910537212
SVDQLUZGTJRJNTA8,0.79041248606466
A1LN52ZXTZ8HVV3L,0.8938053819416113
ST8475QQRV4FC2TN,0.2941260620116262
1MYW7VDV84Q5RICM,0.584703196347032
4144CRBK4PL8JKCJ,0.16636532775762602
J1OD8195Q3787Z1C,0.5186235910986084
EWCBZ82Y87ESTHB4,0.021441177575006572
ZNAS99WI8IBAAZQI,0.8949244610422679
QX3EB92QWDCYORUK,0.16490073851029566
7LQENTZMY12GZ0C9,0.13809070231531578
R7U0QM7IUVGQFAKR,0.49741280895101675
T9UQ4KAPS87NJUX6,0.06900208916175318
K4FUE57AT3B9BBBE,0.5114168618266979
OQ348KHWJRT2K3JF,0.10081695416748654
LP58UTYOF1548FWA,0.6477571189801405
VDO2ONBGYSZ9S0C2,0.7141291897006824
PBMW9M13COPQXA3L,0.6135717949106637
FGJOWRGW40ZIMDDE,0.8180215034489168
PRDON7KM7PI3MDP5,0.8631283764278939
XK98XS699ON3YL01,0.642351237723078
4X3U7K5EQC40MXEB,0.5450404396716538
8HNNRH8R4MNOAJJZ,0.34981133631868944
DKR3BBX23LI25TDD,0.6682896290810487
2BXPBHA2OIT9A35U,0.79041248606466
EXJUKTYBQ6V24YXI,0.7076578164160402
SMCOP7H3CIMGW51M,0.5477577139570237
6R7RK9QA66UDJLB2,0.13809070231531578
BRDZENV233K643CM,0.19991892960275506
OAB4D6GMWNOOTFDP,0.24195105844827372
TU3M3HSAR2NEG8FV,0.6630529352504809
AOLD8T29NYNWF313,0.8651427835868187
AO0JGVQ7GRXDUIH7,0.49104653132962817
HH6BC2MAGT9M6KZ4,0.3955456391083238
I2ZVPNZ3O0G8F6RV,0.1522408882792687
41HTKKRCUW03IVY5,0.8488930114269788
LESP05GTU7SY3BL6,0.2633252818035427
TOUQF944FIJEI1M8,0.4481200327976034
GI4M1XNSHKE2RGYK,0.9500591016548463
0SYCU4RGP8NQVIDN,0.859707649026764
K4XNDTLOLRCN1ZJW,0.8501733465237115
UP749LYRRAREY4IB,0.6001698654083273
5EQVOX1U4V5GRF6K,0.792077724593062
5BNNDYVOYFH9LA8D,0.06753749991442283
PZ2KFWZREL4NP2E9,0.21269462664811503
37TDJBOMO5HITCZ6,0.7785375512271493
GV2RRO61ZLA5YCKM,0.16977849008653345
YKR0DH82A694OJN8,0.26585143656931604
8AQ56LF96KFOIOZC,0.8741781533060085
FAF8B8SJMHHVEGKU,0.12427237407129711
HIWQJOV4GATVL33F,0.13809070231531578
WX1BVTQXULOYOU6O,0.21745653141001978
KPBQ9TO3JN2RDV5Q,0.4499066418128861
KBUQ0R47DRHKWPMB,0.7944010703338019
CWQ0PKNTDUT9WA32,1.0
LE1P01ZW7OYHBIBI,0.5018611689294133
ZKIZKI7VEE621OM8,0.3974893776421758
CGTYCVPQMUHWRGZN,0.9440271816881259
SYLUXKEAGV060Z49,0.39346374321548105
DSJ9EC0S21KIXLTO,0.4008905460372241
82T3JYMIXVOPB6H8,0.792077724593062
QZ6T367P00UYEEBE,0.31352947789280233
9BFQRPGCQ0OXVSJS,0.26585143656931604
Z9PY2SZNJB1KSWS2,0.9081115335868187
ZD7910UXM2Y5TU1J,0.9895833333333334
CYJFPPO8UAM4Q6VA,0.8089738261340899
U0N8LK4JXMT4YC8P,0.8944021673482769
JLQ2RL4U9ORDIUTY,0.8416198450478861
S87JXTIRBZPXJH95,0.31253758817086014
G8UTULN596NM5KN4,0.5306596032402484
7VDNV3A9NGSZ49SJ,0.13809070231531578
0DEM6IFX58431VON,0.7490867765240686
7HU7KFZX59L3X1D5,0.36114852551185
UZSFC3HF860CJ3QZ,0.8488930114269788
8S7B8P1N9ZXKTWIY,0.36044496033537027
X1GU3YHTRNC5W0MR,0.10081695416748654
ZC7TGF7OD8M3NQGH,0.5117582718074924
WDX0VUKLGXGTQRCN,0.48019614455946896
85CPJ9B1LECTV7R0,0.8361847104878314
GPOHTEEDWVOYY3F6,0.7994300991705646
X4IQYCMZGMFWDLX9,0.1522408882792687
HP6EWKW02LL0R1ZU,0.8998373019083318
I5YMRDWTP3UO2Y6Z,0.36971179270227394
S82PWS0V5P46E1JZ,0.023255813953488372
DVZNYFGXWB23UKRQ,0.11785526177183188
PR26L0PBB4NGZ1KX,0.9583333333333334
WTSIZ45L4K1A0A7C,0.10081695416748654
HAX4H32WVI28W17K,0.7478315727749258
VAFRR9U6M5IZTDIX,0.46510655761214653
Z7YR693R6W3T4X92,0.669889145774267
SY9KAGB82K79TKGF,0.13662611306798542
QIDOAQN5RSJ0KQZK,0.06753749991442283
AFA7G9FX4EFOT1KM,0.8134187352064447
O44S29XVCOAVEFIH,0.36044496033537027
1F5C2N5T11CI7TD8,0.9583333333333334
3PH3NHX24WGNY1C2,0.10081695416748654
LV1JVI1H50C6TJAK,0.5301357943717235
LS573DMP3B6IDUHT,0.44692286271233633
WXT4AK98WLUDA1AE,0.8576475560310102
1ABVLFTUCK8PGGTO,0.3649548523415705
BSH07HPVF40UF9TT,0.025959560573805097
XLIZAKPN7UK4OIMM,0.587974706820511
ICDK35WHS3BWV0ZL,0.8775556097817714
YRQ9P45VKDDUWR8Q,0.26585143656931604
R0262KG49VGUE857,0.8501733465237115
LWWBKXJNLHA8XORJ,0.3689220378101347
E7GXR01ZX1NWC33H,0.8775556097817714
GPUZTF617FSIE7Z5,0.13809070231531578
686OW9JKAFEOIO3R,0.34981133631868944
64H4SCLDY4PSD4J9,0.13809070231531578
8ZMEPG82IAURBR6X,0.26585143656931604
LVBTZS5T4GJMVTPN,0.44440486008474367
FQ578P380XJBYWCH,0.3182913826547071
TXOSQSLI1UFJWIGC,0.6495678685790087
H77OHGG5T74A88H2,0.7141291897006824
BT5TBJ3M6VOS63YS,0.644132734018954
MJ2NE8SQ2OCD9C1S,0.7073031363700392
9PF2DY6TI1LH916J,0.8134187352064447
WMI388OF91D3NID9,0.16501658532462868
P7N4EC0IOG25OU93,0.020202020202020204
NB1B4E4ODT0SF1IR,0.9176591846083371
9HDILBCV0R49R5YC,0.9489329755287201
A4T2K92OHLB7ITPB,0.9500591016548463
M7XQ2ZV6MN7HC2MA,0.12427237407129711
6883P0UV9I5CAG6O,0.13809070231531578
KY0HIX8T06YCK0VJ,0.02290576682233693
V7T7HX9SEDNUS98U,0.34850101055468224
L7UGZ2C5GR8JUNFF,0.7937853107344632
XTIDJO0TM3CLNN0G,0.16501658532462868
JTAIP65P4WLS7RH5,0.9505813953488372
YWBH9T6STS3FMAX7,0.021441177575006572
GM2XCXGX57B8NX04,0.5387245726531145
RZ9UAKWG415Y8SCT,0.43251810323598266
08Y3T6Y0HKECM9I5,0.26585143656931604
FB3BP0YWU5LWPFAW,0.587974706820511
XJFGD3G9XL5F77SX,0.13809070231531578
72WKPY2PMC6G6WH8,0.4907221650413737
UJTBACTGNRH0Z55V,0.8253700728880462
S54SRIXR5HUUP3MR,0.2941260620116262
SHHOOMDX91I763QP,0.5953837623181499
ET0XJ2ZMGTQSOIZ1,0.36971179270227394
WLAD6H8DW7MZ89T7,0.8685635109879487
U4CYPTR709T30GLR,0.8263737651106271
CW5HJ68SH16F0GKE,0.7974174449959778
NXA3A9UZUV44SMK2,0.37497768438219264
SFAVTO994D95MKWD,0.1522408882792687
K9VPIW6ICGIIOGF2,0.3047080725936368
23CPKF6OO8VL4Z0A,0.13809070231531578
0MJP79GAMXXLSYK1,0.21269462664811503
KVIN0MRTEU8EKLEF,0.13662611306798542
2B6HMA31VJ1R0CZA,0.8685635109879487
47CGMU9HRXKKXW5M,0.10081695416748654
EV8FADUGNZXZQYPT,0.1522408882792687
AZAN7S21V9MPH3YR,0.8998373019083318
AIKI26GNVAWYVF0N,0.9794633187597771
TRF2BDL4G7EFK7B9,0.36727101366601356
18BLH3M0HS25XMF7,0.9489329755287201
LFAJ46F9QXY42LSW,0.7576464590165352
B7HN1I27S4KB0KE3,0.7453988307092597
KVC1T4FXR597L6L8,0.1833919121168572
L2EYRZCOPV5WLEOB,0.26585143656931604
LVT87144DBIEPDUN,0.6841348778771076
CZ0TPJ0RSGI6BXCD,0.2117027369261729
1KTC361Z5LUVW3AW,0.16636532775762602
4AZ2XBQ7X9RGB4G2,0.4933811830544568
OJLFHEJ13X7SPP0F,0.2941260620116262
LOJ8YI24R2WWI1XX,0.6147316529149387
NXMLF71AVWY48FWL,0.3974893776421758
L0S7R47IF6C45VUO,0.06900208916175318
X1WAH1AWPQANJAM5,0.13809070231531578
I8Z32DQDLF3CLHCT,0.5495392102528996
7VQ5V3BV20OJA6NW,0.7944010703338019
LHYHOSUI82UGEMTT,0.025959560573805097
OR5BB50HSXDCWCYI,0.4772282030856095
CKCCGWOHBNCXZD36,0.9731211171587223
UNUV6HSRRQZA1P5V,0.49104653132962817
YHXOBZRA9GQ4IXX3,0.2456159960258321
12VXIVTU1PAJGZN9,0.5048866738176839
15EAPSTJVMF3OVQO,0.2941260620116262
L7EOF6VP8XJCJXB3,0.6723042810625048
ZQGW1HKARB87U1Z2,0.6491772910537212
F6U2HWJ399ERRW05,0.16977849008653345
9NOIESB4UK0NIY0Y,0.36416013304823
SA4DKKKP7ZO4W27L,0.2126356329436763
F9KN1UDX6JWEF4R7,0.9288922963341569
9HL1U5L5DGFJSRQY,0.2941260620116262
P1LH2O5Z50IV19UX,0.4724886351110415
8GV8SL5FN3AOHFOP,0.7808302808302808
Q4J6LG1N2XPEJCPO,0.6087158805861657
93553O1P8C1LM9JK,0.3974893776421758
HT4DS4H519CDG5ZG,0.3650732709588378
UAB8J9BGP35S0SIA,0.6193044027614216
1MV5KB2ISA1O28KQ,0.4081230016588566
E1ES1VW4Y060CJW1,0.025959560573805097
03DB1HDH4U4JTSUF,0.2126356329436763
WKGFPKH03SWIGFLY,0.13809070231531578
6E2PF06ET7PXCHXH,0.22857768842148674
7UT0PJ3QOXF5CHR7,0.8938053819416113
ZZFD5O6F65ZWWHF4,0.5949068874625861
TIYMH0TS8VTOLVSG,0.020202020202020204
CJXT0WMZOH1KOE7K,0.9895833333333334
4UHRWXVNN26MLL64,0.6751017365731983
GQWIQ5OBMH76SWUF,0.8769364736347804
BM48TM1UN34OBCPQ,0.630464480874317
8IP1NJOJWXYT93O6,0.39680381752169697
ATNYRXUJMMCBMBUV,0.16501658532462868
X80BF89RVTLWTHLW,0.5893552278085421
KLV5OLS361RMVANH,0.45574204927790424
23UQTVOYWEF2NZ26,0.8516156360642898
X68L1C9U932OYLW5,0.9937694704049843
OSHG33IFCNJ9U2MS,0.5592504931071295
NFAH6MYLD77J01N9,0.12427237407129711
9U93W8V3J9DUZF3N,0.9670891971920019
VWIQQG3G1AVDEB7N,0.1522408882792687
FZEYMDHDQXSVK5TJ,0.16977849008653345
8IJYXK34V5JMYZXV,0.47812227355075754
I7C4J0GNAHV6BVQK,0.8523137388281087
5CMFZW31L7AW3OGA,0.8809006492330772
KCSXUVFD3Q23DXEF,0.9572072072072072
UKECYIROKWMP6ZEC,0.6954710313907947
QJMWP1R529RI3D6E,0.9813953488372092
FYGDHFWIXKGMVED5,0.858451846588076
CKKR0XXTS1LF6C9D,0.2941260620116262
2N95JLEMJ442LWES,0.38871958577768045
AXNZTPDO8NZOBL67,0.8651427835868187
XZ864J9KW82HKDHN,0.44376554699876386
HCV1QXE6JJOVCDB5,0.6791042666808339
206T63XB30RDAI4G,0.13809070231531578
F30FUDJED98M1ETW,0.2941260620116262
TYMGRTSW5EURFB5Y,0.13662611306798542
VXOK7QQEAWX48AAR,0.75
L655BMX5J56DPDY7,0.11785526177183188
3QGYKJSVZ2UR4YHV,0.6116261489858884
YI7POBTZO6T2F36Q,0.7808302808302808
0GG6NT6HESEU6MHD,0.36416013304823
9WAFPHN6PP4CEUDI,0.7420310078603887
VO1GHUVE73M4UNA0,0.13538695569499906
X5OQQDR398OJBEOR,0.18576874363880214
75W7GXHLNUY6LYE7,0.7668416447944008
2M9UWE3F7FWURMXV,0.5193211567719384
P4R7EXVFBT3HLE02,0.9731211171587223
BIJQYYU4EUL0UV65,0.2126356329436763
TTW2O35SB6O7L7YA,0.6998075465677477
AV7WUP5TL0WI5PPS,0.7389421318210957
UL6HS6718EDPYWU4,0.7490867765240686
FY5IXNB2W2MU5PJS,0.8253700728880462
MPLLHLKC9MFSJ49Z,0.7335962077740108
A6QTD9HZQC4FCKZ8,0.7867144808743168
Z1UWWP3CU2SSHYQ8,0.8998373019083318
99KLDCAVXGLW0BT4,0.29888796677353097
ZCXJPPGIGPYBGY88,0.36114852551185
6VK2CXQ3DMUICCLN,0.9187853107344632
JCH2FDKA9F4SRFKD,0.26585143656931604
E1YMC1BT9Z3I8891,0.3590830211366929
OKLAOWA61I1UWPMB,0.31352947789280233
4IR2IA2N932MUE8L,0.13662611306798542
BHLBGA2IUG608JU6,0.7944010703338019
HPUIGXLF5UFGWXBT,0.7730734437285885
SD3RCKKP863QDHJY,0.3047080725936368
2WO58X0SS2ULHC8H,0.9335083114610674
N0EN8EFUF3SUM983,0.4933811830544568
CMWIDEB7LDZCVXZD,0.021441177575006572
GCY1YOW9E8MKS9NQ,0.3744736974641787
SKI120NSUF55D3CY,0.13662611306798542
K7LI4DXLMY98EMVN,0.13662611306798542
A3ZXOXBZ8UXOG0Z1,0.02449497132647474
GJCWRWPQRUHBMZ98,0.27619673604053435
QX44I3KB8BXLW7UK,0.9500591016548463
LAZLCRT879JYFUIU,0.7630754125599487
ROQA2PKJOAVSX4WE,0.12280778482396676
XHIQPZ2DL15IT3GY,0.2706133413312208
KAUXLO348PYD7LMJ,0.6247293181377778
EHZNVD5ETSPI0PAA,0.34981133631868944
PIDU8IID16LGXRAS,0.24195105844827372
79LU6CLPLGT7B1J5,0.31352947789280233
CIEWEN9LQE19GG03,0.6127096126039847
FC3K42K5W1KM2WHI,0.8938053819416113
X8L6GEXMASE0POJU,0.49208290140823
P3XCC1G824Y897U7,0.5688952671560664
AOA7F8XAYEQ1OND6,0.9142384572072072
XPQ2BCC3TTY9K39I,0.3710269709173808
9GN57TIV10FY6EJP,0.25054958475818273
SAGZIOS5PH3YOTPI,0.22074027630068205
4WQHKUV1EE7277Z1,0.3134704841883636
O2K1DOQBLBOPDGFU,0.26585143656931604
M1MP2K2BGP6PMQ9G,0.7872219831349949
HUYGQ82L4BZH32TE,0.3780859617609997
SKPAEFC4Q6YTZVJB,0.5130719314445644
0N3IW85PP16NUTUK,0.742098688982455
8S1JW07LACKKTEH0,0.36044496033537027
97XZNRFJGRIH17OA,0.8606867014749405
6QDWB7QUZLGOVNFB,0.8250591016548463
XM21Y04KT8BXPQIW,0.8180422195778703
30LFSVJZ2AFGETG2,0.840346262444756
YEVCD59IBSWNE9GG,0.36971179270227394
W7LB33WZSQBD294B,0.8523137388281087
UR9X6U3N8K6AOFXL,0.13662611306798542
YDDOT4TGIM2EKCSF,0.11785526177183188
KTB9ZE0ISIHGEXU1,0.40260387929120256
S7ONGKSXV4B4DVEA,0.7944010703338019
BB93U03NRMEDNUX9,0.34850101055468224
EX8HPUP9ZDGRBEAK,0.9625944104529461
7HOVN51YLCH7PJ7M,0.13809070231531578
QLH5QBS3KI4P1Y9E,0.8883702473815566
UPQJ6AI67EC3VF7Z,0.06900208916175318
Z6KB9OWJFM9602A1,0.16636532775762602
2UPKBWNA2TFH5Q1D,0.44440486008474367
GTQFJ0G6HRWINEAV,0.8501733465237115
1MQ6LMJOOEMLJFKX,0.8324967646730225
3YORPL3ZQYATXM00,0.8944021673482769
L9J7W1JRV3K5FZKB,0.18576874363880214
8GFNTFT2M1KG5NXJ,0.16501658532462868
VLN0QA9MUVBCKIZ7,0.13809070231531578
H3PDFFXYNQ57TOBU,0.5387245726531145
1QD69N7TAFLLKSDG,0.5363784593689406
5D7PKKZ3DG1LBSRM,0.021441177575006572
YCTPPN36V82ZKFLH,0.38871958577768045
2JEHCR9Y1SGBN7ZI,0.2941260620116262
VONI10TMPRHLUQBG,0.4942985944601684
KTU7JDKQCF753EDJ,0.10081695416748654
2X3V5LURMX3MDL91,0.4147632349656505
JDRMNXLPU24TR289,0.8066622582244999
11RQ5XNWLGHZCWYX,0.39612005817372986
6GWB0L1KVZZ115VM,0.06900208916175318
LE8IOZW7NBIBW1D5,0.38871958577768045
V83UQ3XNU3ANATOJ,0.16636532775762602
QPI531CJWD8NAUIB,0.1522408882792687
UTZ8LIFLAJDFTRTL,0.8324967646730225
66X48KKWC8W3XRD0,0.43251810323598266
4SWA5HV76X7V954Z,0.410338694710795
EUA4OMBNX5EAZ2EI,0.12774283717679943
8LAGTLDHABCRO9E5,0.18604160765429767
LHUK0Z1CKHK1S7HV,0.7141291897006824
XID6U3RCIFZ8J1MA,0.9813953488372092
YY2FZRIGY29GA6U1,0.7612474437627812
TWD0FTK95ZUNLEXW,0.34981133631868944
GGJ3XTBG0SUYQST0,0.16636532775762602
9EQ6BD6OURNYXVO6,0.16977849008653345
89TO0QMPZ1PLLL8A,0.021441177575006572
4DOB4OGZXS5YC5DN,0.9003595956023226
8X4BTDMQZJX329OQ,0.025959560573805097
LP5XW2R0TMUZKMXT,0.45367169245164735
RL84PQMQ9TVDS80C,0.13809070231531578
D621RSDFY663R385,0.7998362048938567
8N6WLA7S55GXC9O7,0.6099567433256338
VRKCMKY3CCY6GK2L,0.6304543409806568
C765475RH7ZGWZPV,0.11420842993876702
H4YPM25AF89TRJ6Q,0.7576464590165352
BXCPY6U0PZ2HYSRH,0.34850101055468224
6SN4481QC0GVZOOA,0.16636532775762602
SB6FSGPYX22LY24U,0.958408273381295
VJOTJ7WPF5MVZNL2,0.021441177575006572
ZGFJWQ99T137ICO1,0.13809070231531578
B6KC2DMUEGVYIN9C,0.7998362048938567
CP9W5XL7PJF03C8C,0.26585143656931604
RT4I8WTLU53WEMWL,0.17142403564864914
H9MXG23POF1DJJX2,0.13200544773578482
ARSNLPMWML5DLIMO,0.6057215250623713
ZWG0TIDHOPJ88U36,1.0
5A6TC0CMA6A28SIZ,0.10081695416748654
S52I1FG6TLPIG01I,0.36416013304823
S0MJWV2S680S8YMC,0.5296118951612904
2WQR9POWXMWPAY2W,0.5622180840057935
6A31GE3K6QJ3EACN,0.26585143656931604
0WV75D6MP826EYLK,0.9003595956023226
V2JT3A99VA35KWT0,0.26585143656931604
UZS6NNJ7A5QO4HP3,0.3744736974641787
9ISXEWCJ8ZBTYCL0,0.16636532775762602
SJI5NWHHR2SQNMQ6,0.4147632349656505
PG3XLQ2N8AXKJLLC,0.21269462664811503
31UHTPH061AIWKQG,0.8396850027979356
ZQT77RWIKF6NB72E,0.8066622582244999
PVZ92E6UGWIFHJ74,0.16636532775762602
QYMYMT92CEHUX9JU,0.6207407338686359
Y680OZD6LM0HD2Z9,0.8998373019083318
HQMQFXCZDDJY250N,0.8393587089239264
SDLGI7DSWSMW678S,0.6841348778771076
58QQ2X1U2BDJQ3SK,0.34981133631868944
4YG020ZQ6P414EM5,0.26183385226298456
8CL3QWQQJGC19POR,0.02449497132647474
U8LJ3OPXZT3ZY2A3,0.41733084032132156
PELB9I6U5YMXSGJC,0.8998373019083318
70L26YK6J994OH0W,0.14830047346477282
BWCJYSVCWS88I9TL,0.9731211171587223
Y5U0GTMBBJO5U7V7,0.10081695416748654
UPUY3K6FDLZP3ENT,0.5561547475126951
EJXUPWJFUWYKFMFM,0.10081695416748654
QYA1UPY6NI8RA1PS,0.6315553714684211
KR5JHY4ADTEN3TTB,0.642351237723078
8F2TISHRMYULSADG,0.025959560573805097
V5TTTFZ49H5HF2VA,0.26585143656931604
BHCBCPUG4ZR9C5FR,0.025959560573805097
Z4CHUYPOLI4MG8GA,0.6060103855927522
42EV6YD32Q9T03HP,0.9854952387264975
9L3W40KNZ37PDCNZ,0.6791042666808339
JHKCOV2GXNMDO9KA,0.5893552278085421
WUID2HVFZFLDPL3F,0.26585143656931604
W5EI3PBOKOLX9X70,0.8134187352064447
IISEUCDZK1BB6OMV,0.2941260620116262
DAJBJNQF7GKTZ0YH,0.13662611306798542
RUUY7EOMJKQVF5KM,0.36727101366601356
7J7UPGNC491UFWXU,0.46244127628913684
XR7UZ6AW0CTEZ2F6,0.8012271236644452
6SOZXD6MGVDKBWGX,0.11496714013143948
U62RB1J7CG6U3NR6,0.7451159951159951
32ZXJ3KEUUN7F43U,0.09935236492015619
NLYGEG8TAXZ4JXT4,0.13809070231531578
P4OQVXSEI58I5C9A,0.4147632349656505
3JBP2RQQB9V8JGNS,0.9854952387264975
YBUMJJOU7R46RGGG,0.8835875297484918
QBG176V5DIKBDCGD,0.3955456391083238
FYYRIPWWLBGA9ET7,0.5622180840057935
BL8GCIUJW8L0L84N,0.644132734018954
7DMMBCI8S9WFJUIU,0.26585143656931604
NIXH5FI60CVZKSWR,0.06900208916175318
I4QJ9DY0EQ9W6KRD,0.7944010703338019
J1Y63723JZXA45PE,0.8393587089239264
5BDHV4QS3H6TR00Z,0.3182913826547071
LP1VKDC2915CAS06,0.34981133631868944
XQFG6Y2B6HOZROQ2,0.8307230881208745
PUC215M552KOYCYY,0.7998362048938567
J2KZMPU0X7QSWJR1,0.859707649026764
ELWWBCE7ZWNDAWRR,0.8938053819416113
QW282FQKP2PGJ3XS,0.9917257683215129
6ZP8A1AGSZ60LKTR,0.8361847104878314
EP7876ONM1CXZZEV,0.11785526177183188
4HDXF73DUEZE52Y1,0.8134187352064447
UWSVUMIG8QPKYM0P,0.13662611306798542
OPWO0IR40MCAF2SW,0.22074027630068205
XTEF0XSJZLQ8G4AX,0.7942842258761802
GT9RVJE6PC2XVUZJ,0.14285260707722056
HUN6IEN0R4HLWU25,0.13809070231531578
5HMLBOAGCAXZRAUB,0.5363784593689406
2N0WCE0GAWIWIN6J,0.7562045354217576
1PYDDAGWYHQMJM9C,0.6057215250623713
1ZMK89R17WMCPY8U,0.9794633187597771
BXQLRHUZ3MSALXEZ,0.13538695569499906
3XMQE1EFVTJX9IIH,0.29888796677353097
GLL72FCTNCQKUNEB,0.23241317190864574
A9N3B7DXV5FC5980,0.9670891971920019
XRXK6AUPTPTJ0U81,0.7073031363700392
JOHBX0V7PZUHM3H8,0.18576874363880214
GEYEOWJT0NDVTDVG,0.41288490642076137
26ZM5HBK1GS4X1LF,0.5118747613592974
8ZKEF0VK9AHIULLZ,0.9794633187597771
1EMW3Q3MP0HJ6REQ,0.6316005612217697
TAFBHA6G8ZXDZZNI,0.495805280981791
4CR4YBUNALLN7XRF,0.34850101055468224
V8914A4H1TPFOX6C,0.660670070203827
AHG5M7J2UPZ57UE8,0.902676399026764
L6OT6MCV83LMQ91R,0.9272777818660517
91RZN519I8TV25OH,0.09529633921290932
E3F87KG9BKDIIDU2,0.6780317967740609
GF2DPH8ZR8CD3QXJ,0.16636532775762602
MSOYLON2PL10RIQH,0.8606867014749405
8CFGSTHR2RPQBRG5,0.31352947789280233
PGYES0MEOKMVODWQ,0.7453988307092597
V9UP7TDZLOJP8EW8,0.5591809445476383
MSVWRYHQMSOL72GS,0.36044496033537027
29F6FSBWZBIQ9J7U,0.1522408882792687
L4Y3A9M3AW0GDAZJ,0.38020630531493654
BA6U945163BP7IY6,0.18576874363880214
4WFT2NDMA7HBJ8U1,0.7073031363700392
HB6AEAVTYEO0P5HH,0.8253700728880462
TVHGKTJX2CW511YN,0.4430378604079607
BBPLSHA3QNG70RXB,0.5458817531341822
47KE28PNWPP2UAPC,0.5127845989356329
ME1J8W7DO2BOU8CE,0.7925261872630295
GVK16Z85650XH6XT,0.8134187352064447
Z0U6AB0GIBRKHQES,0.6422343932654563
VUJX5TM4QYO30PE8,0.13809070231531578
2H2BIGTKTVDKL7LD,0.7435799644037631
INJLWWJ7MCVY4R16,0.7835864327340167
4VN23STTTUSADX0H,0.020202020202020204
3925FG4GHAORGX8T,0.7668416447944008
LTRGEQK0C2WL89PH,0.16977849008653345
47SXP0BGHMVQWX1X,0.4726794855270539
8IWBBK3ESZVYIBGA,0.7445667050111832
93J47B6ZSLPTTJLG,0.26585143656931604
SH2TC10PDNTEYRX5,0.10081695416748654
339ABTOTS9Z9MRAA,0.8775556097817714
GXXB89JABGN8A2C4,0.7944010703338019
PU6BNBH2UWNZJM8S,0.8998373019083318
GOGKBPE3CXYG32OI,0.10081695416748654
2AFCXUM682OZ87JP,0.799719360436235
4HWWKGI8QEWDJZ4G,0.8883702473815566
QRHRN3ZAB2JIJ6IB,0.4481200327976034
RLPHA73GCJEPHNZF,0.4743798247896609
LD9P1UNJH986IE9N,0.8229530377094972
GKQ0FAJGBZLIDYGH,0.36971179270227394
2D91KF2HWHNNL7GF,0.3974893776421758
AA82954WOM2155GP,0.6127096126039847
IOJBINOA3TKS67FW,0.7490867765240686
8JMGJCI3ZUM29JGV,0.2941260620116262
QY0KSJIF5WUX0L47,0.5126741892886219
HZ2RD0ZW2O5Q12HU,0.34174510963067384
SL943XGQT805AGTX,0.13809070231531578
G26TEVF1SFNP7SXM,0.5186235910986084
1UOG7X9LZQM8O0QB,0.4081230016588566
U9HB7CUDGXPJX9BE,0.7944010703338019
7O81OOACZ2RJ92ST,0.49104653132962817
LTQ58JWL5MO5XWPU,0.8944021673482769
35QJGPAY8O0TEOUG,0.642351237723078
JELIVLXXJX82SVUO,0.3182913826547071
1Q5RF4C3181WUM0A,0.13809070231531578
S2ERN9ZKYLSZGK0R,0.9854952387264975
C5CU1IY6X7GZ6I1G,0.5387245726531145
ECBU8P0NNPLMRESY,0.8775556097817714
J97YMKULWWAT4YGS,0.10944652517686226
L9CODQSPDSXGBVGX,0.8157269021739131
8NDZ52C4S5UDHIMS,0.7321670319615258
9I7X7GV59WU1A5KD,0.6899772860842043
4Z25A166B56A6W2S,0.2941260620116262
HWID4LK87DH7V6K5,0.8775556097817714
OPTSMLUWIUUGOO6H,0.0981132075471698
F4CSWRODMYSFXL1L,0.1522408882792687
389GOF874ASW47XB,0.5118747613592974
B5WG5QDF14XDYSGM,0.7073031363700392
S4RVSP8OLSLW18IK,0.5495392102528996
9K19DNVUDPFR2Z49,0.8393587089239264
R46FLFWP1CCA7ZET,0.26585143656931604
09B0CE1JKU1DUL54,0.49104653132962817
GML43GG5U2N2AZAZ,0.2941260620116262
1JIQSU7LKAPVDSRB,0.5243561989493662
IY7CHBFH1B771636,0.6127096126039847
8GMET27AQA67LP9B,0.10081695416748654
OO2OPB5020UOWP9S,0.16636532775762602
Y12OLI3M3XXNVLQ9,0.34850101055468224
EJ40IW1X3EFULQ9S,0.6984401657576531
KKHUBZ7481VHZEZR,0.13538695569499906
5NJLK957DRSG8U8W,0.4147632349656505
C44NWKV5C0YTR40Q,0.571771470236934
G1CWQU9978RBEF7Y,0.36044496033537027
DXDF2MM6HBQEG16X,0.41621723652527987
BW4THY2LQCLIVF6F,0.7887325662221363
25ZXBHZJNB39OL7S,0.9731211171587223
NI6GZG5VXZQFU0RW,0.7250580046403713
XCGRRJERE59TTV9N,0.26585143656931604
YDBU2UE9IFKBF5V4,0.6805015943276874
X7JDXX76A4K0B06L,0.4933811830544568
H71K8VJLWCCTPHZB,0.15119825708061002
PQEX56VRBL9DI8FH,0.9081115335868187
EVU10R6TR3EX78PY,0.13809070231531578
5UA9D71BCE24OQP1,0.9489329755287201
DN6FR6RXQC5EOKXH,0.9818313953488372
P2ZU4OMR7F7W01L3,0.26585143656931604
S1S0CQ61JH218L7Y,0.13662611306798542
8TB3ECKNNLCUZ3U1,0.5130719314445644
FHUUKPK9FRARLT9Z,0.13809070231531578
AHZ466YGQAFWDYGF,0.7994300991705646
4V8ZVCRHZZQS09QR,0.8883702473815566
E6O94ON507AS5EV7,0.3955456391083238
SURV48HTZK58T949,0.9384265988372092
AU9GLE52RQYZXTWX,0.2941260620116262
WZNK2BUWQANLLVZO,0.7998362048938567
QQY48VDUKYUKQ0VP,0.9670891971920019
XY00AJF6DOAGI5E4,0.2941260620116262
WHUF18YDWSYZWHVE,0.38871958577768045
IDZJ84EXTEDU6RLG,0.22857768842148674
DSNL58FAKRIFK0PW,0.13538695569499906
V7KSRQHKKG1OYWQU,0.7942842258761802
9BYJYOFF6KVRMXTT,0.36971179270227394
CGKBSTJFF7SG82W2,0.04983164983164984
SCEYJBBGL0M3IZUE,0.8677135766885263
L1S1LIUILHIFCLF9,1.0
L6WCHTTGOO5Q8M82,0.9854952387264975
ZLMDI1VYWD6ZEXPT,0.7490867765240686
W75X2SDJ4ATO9MZ8,0.1000582439748141
IQSTP33LKS8LKW54,0.13662611306798542
A8B3Y6AFSXUQV9VI,0.5476259031317218
K2ISZM9VUA1VVKEP,0.13809070231531578
JM1IXZ9ZAHUXPCD0,0.8556084810837663
QIN0FLR8UIO4LNIC,0.25054958475818273
G20HD2B80YESHZY8,0.1522408882792687
PBZNSM1700QWQ6FQ,0.8944021673482769
M9P1ZYS79QPUYDGM,0.26585143656931604
F3U15BV8LMNQH73B,0.21269462664811503
DYJ5OGHO49YHEWZB,0.4587880692325474
EJV4L4SHIVG96PL2,0.410338694710795
HVO1QOO90JF4EL4U,0.9813953488372092
VZ2XR4JWDPF0ROZS,0.16636532775762602
KL2O65OZKG3C0WQM,0.3182913826547071
LPB9C7YRH4MEAYK5,0.11785526177183188
A7NAVTF1L55FJ4A9,0.4481200327976034
6HJIX49A9PI73PB0,0.8016120270961146
IHXFZD4XCEITNVOR,0.8769364736347804
ZOBC5KRUN6LGR3RP,0.29665452639748846
H4GE2AXX2RCMALS8,0.8229530377094972
XAHVFEPGQSBK5VFT,0.7322451317296679
EHV157OL34IT16GG,0.7774153175693493
JB1Z0TLFGIKG55XD,0.36727101366601356
CQZM24UK2PBTZP51,0.696278561827957
GFO41NZZYYMVIKKJ,0.2764334471513266
EFJ095ZU8C6AASSD,0.3780859617609997
FUCG68FXD6PW946J,0.7194515064640018
AH8LXDD634HW28I2,0.34981133631868944
7F61A39G9UUI2OA5,0.26585143656931604
XN19ROTY26TKZ7YO,0.4147632349656505
0BQ11K1N1JB0PWGK,0.12427237407129711
JNY5FPYXT9PMZZ6T,0.34850101055468224
IW2DD1BGCOFHL2ZM,0.2941260620116262
1092E3ZBHD1CAMJH,0.18576874363880214
ZAFVNB8UYZYLOLOS,0.2706133413312208
QTUOJ2MZFVMRX1OP,0.2941260620116262
IG2HGO3RACNC0W96,0.6060103855927522
LOYWK42IBHPF7BHF,0.3780859617609997
QOFEATFVIUEEIJRF,0.24195105844827372
HKOVFI1BECCFMY2N,0.6998075465677477
8QTBWOYMY0WVAPPV,0.13809070231531578
CZ9RS35JKEYJ1DGQ,0.8012271236644452
EVUCEEF840ZYIZ7J,0.5114168618266979
RZJMZWVJGTC2Q66X,0.13809070231531578
ZQ4T4BCZEPVGNH17,0.26585143656931604
DFXWS4QGZA3M6Z77,0.9937694704049843
RE5SZ8OXV8PY3IRL,0.020202020202020204
1VLRUSFYN4UEHWFR,0.5949068874625861
KY0SXQS7745A87IN,0.16490073851029566
85QTSLADAQDCP44W,0.06753749991442283
RFR7G08T3CX73YKZ,0.13662611306798542
71Y5K158M4E485ZB,0.8556084810837663
D525F2BHSV4KKM8B,0.3754444005530318
EQE2U21TBG3G5LKV,0.6644540112142122
FX27JBQI6QONDU6F,0.020202020202020204
EYTKC2CYDJNXKIJQ,0.6859163741729835
UT54KXYI6BL6YNYU,0.75
7XZBSJXHZEGKWC8Z,0.5301357943717235
2PLJ71M80QBF83BT,0.16636532775762602
WAT6WNVO5WN3T5JU,0.8883702473815566
GX537FMMB9YY6IA0,0.1755985959066393
VQM3CU98MAJPH73B,0.9854952387264975
IXT04KSQZAM6DK51,0.34850101055468224
SCLK201CFQ97PC3W,0.26585143656931604
VFZDZ9EC501JT2F4,0.5205468296032822
YU60SQXMIEDYVOLO,0.020202020202020204
48XB4YYJK0P17P4C,0.8835875297484918
5VENXL3OB75TF66M,0.18051551372157895
4MKCV8FUYS9GVZD7,0.9149036602982766
ZITL7IWRN56EUQQI,0.16501658532462868
XOILUFT46PRF8DJZ,0.8883702473815566
U8AYWCQAFF4TZZBF,0.9937694704049843
WJ24J6XBYQU40EC8,0.8998373019083318
OCK2986UYNII4RGD,0.34850101055468224
ROIXZEBHJ0HQ660X,0.06900208916175318
E6GOYRFJ4V8IHDP0,0.6635604375111588
4NXQR4FVJUQHFDS4,0.023255813953488372
Z2ZSIN11NBOOJ0GA,0.11496714013143948
GQCHMJUNLER33QAI,0.9670891971920019
ETOGEV2TXRIPVD3M,0.9937694704049843
RTSSN3O10J30ATI7,0.9856938483547926
HKT5TIYOQS5OQFH0,0.6315553714684211
2YR8O9VCUEJFVO5T,0.6341350687961148
6RCBRZIQAQ09AFYH,0.9794633187597771
3EMHAZFNDOHS2TPO,0.7141291897006824
X2XLCG9KL68RWHGA,0.7967142270268561
OFAGEEYBES3TCS83,0.7367539110731198
LQ8IPJYRVLWM0RYE,0.8685635109879487
MSRE47MRV944PK4D,0.5151676772213489
6YM6PI9WRABM84TL,0.3934814905395852
GYIR863UOSUND0SL,0.7490867765240686
SOYXHZEINYT58PKK,0.7644725123471784
6VXML4T2RUXDGB1E,0.6321383736354167
G1J8JX8ER0UFF5FO,0.655698320692022
RMSAV893G9E8E5QP,0.6510039771029458
I717TUUJXWIO7386,0.9429010555619998
NTP4BXCBJNG46ZRU,0.8488930114269788
78HKAZA4EOBZO18J,0.10081695416748654
KX30P2L3O7FGBGNS,0.5049322184768492
YZ402VN8LN2E1YLQ,0.3134704841883636
KWQ8UDBRCVYCNOSX,0.655698320692022
CBRVXPJRXVLZX3L7,0.79041248606466
6IKNKWBJNZ4WQCAT,0.8980620155038759
ZJVIBOIUKLBAM19I,0.4499066418128861
CW5PEAW7YKCJV16W,0.8998373019083318
HO6TCOB9CQ8RR4JB,0.9384265988372092
JO0HENBCES8ZT6UI,0.36727101366601356
61GX26TJTH629JTP,0.9794633187597771
4TYFHX29RMZL0BTL,0.8523137388281087
FEBZID0AYIC0P88R,0.18576874363880214
042BLY4WUULDEML5,0.9860175324204882
X90WSDZCKGH0IL81,0.26585143656931604
8N3MWQDWZ01B164W,0.6491772910537212
K893R4QTQGYK2P86,0.25610124441222665
F37AR4NRPU49HLXU,0.5097114387777059
B4OYUF0JYO0WFJ48,0.16636532775762602
OHX2S82QBGS6HND2,0.4148900612850612
40NLN21JVRRUB6GQ,0.6247293181377778
FBLPUVD1C7LM4DB7,0.41058201058201055
UMQG8OUTSKFF0CW2,0.8938053819416113
VLCEA5QVVSR597I8,0.9895833333333334
Z08PXA3T3LWVD2AE,0.6247293181377778
VEJW8BAYE13SN9ID,0.44376554699876386
DMSWBVFASN2LVPGL,0.5622180840057935
SE3P0SAB1C7TULUA,0.16636532775762602
WMK1ZYEINSFTMBWY,0.7668416447944008
5V7MPRQ4RBJHDQ54,0.26585143656931604
OF47LGZF9LG40OCD,0.5572978692128893
PICN08VZ8TXR1NG9,0.16636532775762602
GZO183F687JOZ6MO,0.13809070231531578
RHGCUV7V0WE6KN2M,0.7159172598016857
7GQFQ08VCX2MED8O,0.591724671307038
L7DQ3ZV5ZFHA8UIX,0.13809070231531578
BEMCWCMOLW863SDN,0.5049322184768492
PUPN9LM3RFKWYXLQ,0.642351237723078
E69P40AXX6GIP4BP,0.24091025838598656
9K3194C5J9AWQ1AA,0.13809070231531578
38L2TWDA907RADTI,0.8998373019083318
XRZEQX6BUIHW12MX,0.13538695569499906
C2J4W2HMZZ2L1PHT,0.2706133413312208
BR9ZD1L1BETN9ZNV,0.323171212187541
EAJ6FKDA2C5C7XS5,0.11639067252450153
XQBTO6V5I11W03VO,0.36416013304823
HMBOUWDTLSBYVFB2,0.5301357943717235
MFHKQT2A3I3BK0QC,0.43251810323598266
ZR9V59CMB5QLX1WH,0.7510052952693078
PZSAGXUYDGTYHASK,0.49741280895101675
VSZXNQ05W1HN0QN8,0.13809070231531578
BOXGSB08931YA72W,0.4988668105106462
3ASF7J4RYK12XCX6,0.4499066418128861
W9DALLR3MGYQBY86,0.6998075465677477
2QXDCNYD0M829VGC,0.34981133631868944
XKM0YHH10E6AMBXC,0.8944021673482769
83U41XPRIKXE6FVH,0.11785526177183188
8XBG56JLGG95SXWI,0.16636532775762602
7J9GI5Y1465D55P6,0.9489329755287201
BTXY8O5T3EPFR9VQ,0.8854941417120225
4QGALYMSWWYG1CTX,0.9854952387264975
PO1IUZDU0EBFUOVQ,0.7785375512271493
QGGU4KSPNGL4FUCY,0.4942985944601684
E8LROYDBDNIJU36H,0.16501658532462868
G8UYAUXGU35LPIGQ,0.43251810323598266
0BC7QEVU3HYQMEOZ,0.13662611306798542
AL7NHIWKNMX6YDQ6,0.6006394953133439
F148OR2COBGA2VNL,0.47113136979897147
193199GZTWLJ9AR4,0.16636532775762602
XJ4870M68RWZG090,0.13809070231531578
TUU7RXBY06R5TCVO,0.9937694704049843
Q9HXEQPP9UT67K58,0.497548218372017
ZW8GW923K9XPTD8Z,0.9047041547041547
N9SC1YT96V01LTAC,0.18576874363880214
JJ6QULX4Y7MMUFKC,0.26585143656931604
LPVBCP10KCA05ZZU,0.1857097499343634
VUN66T7Q06WGHQIV,0.13809070231531578
5939APW2V0Y04V2J,0.10081695416748654
HYMRS0IYN5XXHWUO,0.8944021673482769
9OC5WKZE6OZNEQ38,0.5477577139570237
A694KFGYDJJ12D3S,0.3047080725936368
NQ0UZF0623SGA16M,0.13809070231531578
NCGXEGXLI3HBOBBZ,0.9854952387264975
ZVW3WJNYTOK81FJQ,0.9288922963341569
NJYI4X837U3KVD4X,0.10081695416748654
05918IILD31GLD4C,0.13809070231531578
B1IPTAN6Z6EM3XVB,0.021441177575006572
E9LJSIDBHEJBONCV,0.6421603873070655
17XVTCE2DI0YBFPD,0.26585143656931604
AD66CL78I5KBHVTJ,0.2941260620116262
7BIZ0PA2CKL1MV5F,0.14843600178653416
I11NN58CSGS0LTTY,0.9429010555619998
HWITNEDNJCWCDIVT,0.1522408882792687
HV30A92PJXNSNHOH,0.8998373019083318
4QYS6246QOR2SG6S,0.3780859617609997
52LMRGCU0SDIMW93,0.40222860048939973
7H7VBEGV3SZJWMT6,0.7726097150630012
2J5W6PXZF1EE0QDX,0.8012271236644452
BDW938GQRWXV977U,0.40222860048939973
VHU7J4JP6GW52RGY,0.16501658532462868
7IU4JVWWK3C7K9HK,0.7944010703338019
AJRL026NKF42KZP7,0.8393587089239264
Y3N2U1VNWM522DIV,0.9429010555619998
9YE2K5I6TOA82ZW4,0.1522408882792687
47W7O3RHAF2VF5YT,0.1522408882792687
UIQKLNF39MU8FRJG,0.8012723134177938
FTCQW3XZKNJ0DHEZ,0.6060103855927522
O6MAVXSZSYOZ42DK,0.15700279304117348
8XLG9HKUGEXGL8T4,0.16636532775762602
1JNQGO1I819WU9SC,0.34981133631868944
RMFAKE61HHREOTWO,0.5597000813782008
RS2Z1EAIE4B95N8N,0.02449497132647474
XIQUASRR156ZVKIV,0.31352947789280233
6Y6LLLL2369AFVM7,0.630464480874317
D3IRRIKA829FNKCP,0.8016120270961146
WIJZYJEUTVGG0LJ9,0.9856938483547926
B593NAAJ9KD5E6UB,0.19329121076693892
8CTNOJYYJ8SYGNOJ,0.410338694710795
YUD4FYVLWNSRV6K0,0.5478551775981396
QRANBZHOXDABIOP7,0.2941260620116262
UYKHF6KWC3O2KE7E,0.13809070231531578
POJIW6TGIH0S4PX7,0.3747421436302405
08JMQLZIYO27DTSX,0.19991892960275506
11D1GVSHCUMJCUM4,0.8089738261340899
BXURCIR944E1X223,0.5389810432112863
K36QRGD58F0MLNGO,0.9854952387264975
JFZLVLGV60VUNT20,0.26585143656931604
C6WTTI4MT4L498LZ,0.8944021673482769
DNIN4RQBQXAASN4E,0.21269462664811503
XY1EM714KQP6GQ89,0.8556084810837663
MMGW31VDY8CVMWXR,0.5343737999231951
90R16EXD1F3G5A7E,0.5860371120883044
E8PJ13VOIMJ7Q72K,0.10081695416748654
H7LB3GI8T6BUYN81,0.8530167120280212
OA5D84YVA3JCFCH2,0.5186235910986084
RCUMPP9LHVC8I3GU,0.726731897401471
YROENZEATS2MEYOR,0.8363065454176275
4XGS5I4ITM7HHKYZ,0.28257796045679473
JAZH6ZQJWW12COGV,0.8012271236644452
TSSTSZSVVGV94BG0,0.13538695569499906
U7B181Z72AQAWHUR,0.8416198450478861
4P5A74JP9NKQKR6E,0.8020604897660819
9K4Z2P406GG3LK2F,0.24897648507400214
LRQCQBHLCOZL8061,0.7760304424641311
2PJERLYLJEQ7MYWO,0.13662611306798542
BGYJDX7FIV9UTQMI,0.45123091341538696
0P1G8JS9IHPG4BGH,0.13538695569499906
EIOGT75GPOXKZJ8G,0.8631283764278939
DQXNH0GD0IOMHAGX,0.3047080725936368
366AMOXYB1FRZ2II,0.13662611306798542
X9V7UYUV2OLMR2JC,0.8247782002534855
MFG9BOMWCIIHB52R,0.19676282341575338
Y2C4S4C67E3LJM2N,0.45367169245164735
0919BOOHHDJEFPA7,0.642351237723078
2CNNMBPONWGOGYIM,0.945955566301311
KJD05P0JXVPJ3QYZ,0.22857768842148674
TJTWOMA8ZFUF5G14,0.34981133631868944
AJIVX1OLOKIGPFM5,0.5550912695483449
RPC2BBBHKWH59BT4,0.13809070231531578
FG16JD7U7ACAI9LX,1.0
3IJ2RTBX4WILD8T9,0.7994300991705646
3SDCOBUR60HMHI7D,0.24766615930999494
ET86KXB7QQW6JL3I,0.8134187352064447
7TWUP6WIJC85G563,0.34850101055468224
MP45HLLTSK5GVHFZ,0.38871958577768045
E1WTTEYYOD4N2RYN,0.9854952387264975
IG53GYGMBHFJT9RU,0.2764334471513266
QJQDU2TEN5HEU9OH,0.9542214478061144
OA2DQT5O0EXTVJ7N,0.7363204147708328
E7F7HBP88SBVLCJ1,0.2503252275069994
V5JJS2LH80U97ZJG,0.15760570740463045
V0B28QW5XHXI4BIA,0.642351237723078
FBIHJYBE660OY073,0.26585143656931604
Y0P2U2DB1IMPTUOI,0.26585143656931604
4UYKHV6MCN6RAB49,0.11785526177183188
6KYU9UTKBGNRZ6P3,0.26836790702131924
4IDMS3X3E4CL0ZLH,0.8883702473815566
H7YR7NDM68I7ZIFV,0.14285260707722056
3NJKPZRU3W5FG3Y6,0.7141291897006824
2Q43TM7Z5B9N00R6,0.31352947789280233
E2HFR4Y6L6UMJMI8,0.6780317967740609
SXQWJUEAI665MIDL,0.8488930114269788
A9JVJVYEENZWZHU5,0.69003589683074
FPE6KNFQBYR6FPMD,0.9542214478061144
7XWH0DL2OP1FTDOA,0.36971179270227394
LDKRT0J2VJ582BJQ,0.6630529352504809
GYLKH4X5961EYJTB,0.8998373019083318
Y2DOZPXXG4MRNNBV,0.10081695416748654
IGBUV6G05UBCFB6B,0.26585143656931604
X36URV95CP473046,0.9731211171587223
RYMUS29VNO4HBBMQ,0.8769364736347804
RVQVTJCQ7DYKCM00,0.025959560573805097
JTL4U2JNI0HFECWR,0.8229530377094972
QX6YRNK2MXE59G7J,0.9440271816881259
F9VBHNNY69F688OB,0.6495678685790087
4T2C5SM02X6HTN30,0.884967479340354
DVLC1IGCCO44A9E1,0.45367169245164735
AVA8PF6JC6NNVMEN,0.9937694704049843
CSQKRWZR32OA7I74,0.8769364736347804
2UBQO19VBW44PD0V,0.26585143656931604
IFTC9SNT470WHVMD,0.4590848723616658
WPIDQ99ITC2PZ6Q3,0.46557971014492755
ZVD9JTI46G4H333U,0.8918617614269788
81VVEKHYWUD6074I,0.8883702473815566
T9USNBE5V9511RYG,0.10081695416748654
NGLHJABEHM6FQS1X,0.26585143656931604
IZE92NPEHO2FRGCZ,0.10081695416748654
SEP1QLJZOEIIYEHI,0.16501658532462868
DVH5TJ7HLJC6L1U5,1.0
F0VYTH2WFX64S5IT,0.13538695569499906
DJEULMGO6ULAER7Q,0.8012271236644452
2AJ5X1L7NLB62OIH,0.2941260620116262
N7IKIN0AQQKW61RX,0.36114852551185
4XV723YWD6LBSHPE,0.16636532775762602
2PNLLYWEYNB8DSJC,0.5118218404148286
K80G4VF163ZU2FTR,0.8253700728880462
2BB0FCWNBO5RHAV9,0.02290576682233693
M4YJBQUI8L33B5HL,0.2941260620116262
4C7WY0VB6HQDMZUU,0.6630529352504809
53B4YV4ST5GRKE7N,0.5383590707648181
GG1SV3E4N6NJRJBQ,0.3039808601146891
LQHBRHFJ56LRB5F6,0.8938053819416113
F6IOX3BY0WZF1B80,0.26585143656931604
0WLUDK4XMQKFHK1C,0.3780859617609997
L8BWCUIYGBLLE0RS,0.642351237723078
13F3Z87GGXVL8EXT,0.3754444005530318
ODIUSM5LGRMDJHSA,0.4136615811373093
FWKGAHUOYNL6FAFA,0.2941260620116262
ZRDY8GTGWGEWLMD7,0.020202020202020204
ZQYRWQYM8DGE824B,0.651792153451234
1P4BYZY372ZCL66M,0.13809070231531578
7I25AWUOHMBRCYSC,0.8253700728880462
NC5GDTFZT2X4LZHW,0.6715988851435158
JUTFN32IXPNR4V7T,0.8229530377094972
2V0T6K6WX5N3M9T6,0.8835875297484918
ZBOBLK0FTVIUVW6I,0.8938053819416113
DO993J8179XQ5U08,0.8799460734748905
HMQSCMG8XDSLDN47,0.6306757583802521
551AHFTWQHDSDRF0,0.10081695416748654
R9LX10PMAMT22ZWD,0.3853869556949991
V3264CFZ703NXYJN,0.5387245726531145
PIL66ZW8NLL87CE9,0.22662454410027225
UY5TRCOFV0RE5FTC,0.2941260620116262
D7KBV8ZFSF0P0DZB,0.9854952387264975
HNQAF6LT3DTHPFRN,0.3182913826547071
NXELMEV2869QXIMI,0.6147316529149387
GNYY9D9BDCZDFD1P,0.4499066418128861
NL7TVYMATWBUUVN4,0.26585143656931604
EUA763EM0O8I3RKO,0.6060103855927522
E371QVQ8SE5D9QAJ,0.34686281122613566
US9VI99E9T5ZZ47V,0.8944021673482769
30Z5RX1NLRTF176B,0.18051551372157895
AJV92RUVSB2XKMIY,0.6001698654083273
1TTK5YHD24NICC0T,0.6247293181377778
1CQP82XVTG86AIYI,0.8488930114269788
OD7WUVYBJNTHANGL,0.6223413787481532
MJL87I7W4ALGI2ZU,0.4724886351110415
H0TIPHRYNIAPSO0O,0.6111585286342568
T80YW093PQCR38YU,0.06753749991442283
37ZIR16EFFXHJXOL,0.9260321472551688
XFUAA3Y7ZARE8TXR,0.13662611306798542
3G1AKVMFKSC8GFEW,0.40671065185732996
MBE6B937UEI7EG5P,0.3853869556949991
RYH21Q3YCVXDJVWO,0.11639067252450153
QFM04PJELVGCVAE9,0.19676282341575338
ELJHYS4Q9SPXV0Y3,0.13809070231531578
V8K946DBSHI6F0PN,0.1755985959066393
FZ6W8LG7705HG2X4,0.8247782002534855
0YBWBIOG0ZLP374G,0.13809070231531578
D0E0D4BOJZY5B2W7,0.9854952387264975
AQ7C2BRY1CWPP0G0,0.18576874363880214
TR18UIP6A3JXV0UJ,0.13809070231531578
QX2LW9JUZOQTLGH7,0.4430378604079607
HVQU7HR7V8HUMOMV,0.13809070231531578
U1R8UAJWKFRX614U,0.34174510963067384
2XK4NMDUQ8HBOAZD,0.13662611306798542
0WP2PZ9QWIEA963Q,0.9856938483547926
GZ41L6ENBN1HEU5F,0.7612474437627812
54QD85K1KP51LCCQ,0.13809070231531578
KFTRP7YGAMC9XRO5,0.7634906952684736
KMYL2WUNBFSZTWJR,0.5127845989356329
O2V6FYYH5NNFNSGH,0.927158273381295
VLB5L4O724IMU0XI,0.25054958475818273
5Z4QUG5JNUJSRGGX,0.13538695569499906
YEUD4R4JB0N8PTTS,0.861159363027815
HDFKMWL6KXX6K0T6,0.13538695569499906
QCMMJU6PMYALEJQI,0.682846328906297
UITK0KXHJ2GS2XMH,0.4933811830544568
PCTP1L2FNR8W17O8,0.6366677672437321
O3X7P1QZRX6J30C5,0.49713114754098364
W33EAY7OGXAI782K,0.26585143656931604
FPWOZBINWXK9GAZI,0.16501658532462868
VK0Q8SVANQR3R513,0.8516156360642898
S904EJR4FUKV9Q3X,0.021441177575006572
V0FTCQIQKGYC6NIW,0.2941260620116262
H148T8EXFL11CQCZ,0.5634152540910605
JDXXXI9ELSJPPREM,0.2941260620116262
DTH708JR36DS0JNR,0.18576874363880214
RPMURE9AIXUKFJEB,0.5477561315975129
WLBI9HOUNYIWINQT,0.7490867765240686
N98Z4IV5GY81VENK,0.23639939879422978
BIK1ADLXIIXXMK48,0.36044496033537027
21Y4YB9A58OGMJEK,0.13662611306798542
FAW0XUBHIS04X4J8,0.8556084810837663
8QQWE2GISEYVI9JP,0.7726097150630012
1A8G8SURZ3BJFMWG,0.1628228988612793
QFBQB7G4RCH50CDC,0.8631283764278939
YCDNGTXZ7309UL1L,0.6665129582918072
FW56VKAVXEE284R0,0.06900208916175318
ALKH1O5MH77D7H2Y,0.34981133631868944
FFCQNI0IEVQ4460M,0.13662611306798542
GMYTJZH92VNT0S2Z,0.19676282341575338
15YU3Z8MGX2A6G66,0.06900208916175318
ZJIJORXPN18LR3SQ,0.06629834254143646
Z5Y5MAOEAL2SDNSW,0.49071358193978415
C0XNYUQ3L8EN7DS1,0.859707649026764
0B0K5YY4GZXWN5GC,0.36971179270227394
I0S1ANW741MFYIGP,0.49104653132962817
QIQTCO8TPAXL6P20,0.06900208916175318
FRXULVLPZ2JPJ16C,0.12427237407129711
QFXRS3E2TE7IYX35,0.6630529352504809
TFMMWUG7DDW985ZE,0.07879792300958106
YQOYCGK02TVG1ZDO,0.2764334471513266
EHJS7EWKLRGGGZ7R,0.859707649026764
CIWQV9KF1N4R9POD,0.020202020202020204
J6R32PYPW69MI1VM,0.6869183053469409
BS3C10P0KM1L06KI,0.6253654849586254
GQG81WH8FRHKDL2L,0.3241114884748129
80GY64T0N0WKBX2E,0.025959560573805097
X6OE42BXM30H22N2,0.4147632349656505
HNLWKTG9FHTOH7WN,0.31352947789280233
HHJYSVZ476AWMSA9,0.2813146997929607
ITT97JQQHR4KDM18,0.13809070231531578
UY4D6L4LG7MTGTSF,0.26585143656931604
NS79ROC99BFQ5B6O,0.5882528051402428
BYVAUV4ZOTSCW3C3,0.2941260620116262
5HBZ6RW166OKWFJ4,0.4430378604079607
MXY8VCRCGRBF4B70,0.6947633891743816
YAOYMSA4GBSG1CJV,0.5387245726531145
XRD2FR889ADLE7IK,0.13538695569499906
6EXWSK5IE4OPBUJ4,0.7141291897006824
EPEHKEGORPWA507U,0.7668416447944008
7M4DI405EBC9Z95F,0.9149036602982766
LXVKVVPI3BZU5PU9,0.8463781824114763
0SWA5U0J55JHJFCC,0.2764334471513266
DLU5KT97564ITUGW,0.8938053819416113
3PCVVKP4FYCAQ7K6,0.13809070231531578
8LYA0OIVKCYZI2S8,0.13809070231531578
815LJ3EZ6AAPJ6L0,0.34174510963067384
9Q0EE3T7AJQHUOL4,0.7925261872630295
CV05YRQD80P1TQA1,0.5794150243280444
NRE7AOFN3B1L0C9T,0.7052426811278023
XKG1MIW9B82GK9OW,0.2706133413312208
DTF86TKRKE9U0TN5,0.3134704841883636
11G3LAZOXNI6QEDP,0.36044496033537027
0NJHGC6XKBI2NLLL,0.12554915071345005
0SQJ6FL6SZB9NQ2Y,0.8938053819416113
SILAWT2XQA0JY8ST,0.9937694704049843
RU6H9YIF6OQKZARV,0.7367539110731198
94PU9O1SPWW53DYO,0.8944021673482769
JRCHU9CST9SITCB5,0.13662611306798542
HEL3PVBN5DEDKLLF,0.7998362048938567
CE8SWUUQY4G33CRR,0.23639939879422978
CDWQD5YXUC2A56AR,0.8276401007066315
5316WF7X1354WXDD,0.884967479340354
K8ZRPGO6WE8RIVBQ,0.13662611306798542
NKPYDFJYF0EUO9XM,0.2941260620116262
BXJWVGG6SKCGVYLW,0.8954738560318649
3K4S92FHUAXDCY62,0.16636532775762602
I5XDAPSM8R7FW4X7,0.44692286271233633
GZ5CPXID3RBPYPA7,0.34174510963067384
NBN52F6SLMDH5PW1,0.8229530377094972
MTRB08S5P5RXONOP,0.7644725123471784
YO06NJ29UOXG87VI,0.9937694704049843
9TBWGKKUCXEN54P2,0.9489329755287201
U02Q5L2XWF3HAB3G,0.26585143656931604
WZFUUGYYPN3543ZH,0.8523137388281087
RW50LPXRW5OK0EDW,0.1055788589293913
GU1BGIID1CQX5JLX,0.4147632349656505
UG3E6QFIUFR84BJF,0.21269462664811503
KF2H7V7U3OQ1EBEK,0.2941260620116262
IYJPFXP4RD1UA1HP,0.2941260620116262
7PVRMZZH3BMMQHSZ,0.15700279304117348
K3ZHR49FW5FKTTOS,0.7543383547481909
SV5150KN3U3NOOWX,0.9500591016548463
VK71IXN6JPRLD3UB,0.09935236492015619
E05OPU3S5L0J4Y6T,0.7073031363700392
UYQD9AMBBPK53WP1,0.5018611689294133
A4X6V82H49JLN5KX,0.02449497132647474
POOXOX57MX1AXDYG,0.6715988851435158
OB2OPJ5K17OJXDDG,0.9937694704049843
YMAYT3TSMIMX298A,0.13662611306798542
8S8EP2TXPFAE0IME,0.6006394953133439
WHNLNY5HYJZAWAZ6,0.9860175324204882
MA8U1SR04SSN42BF,0.34981133631868944
X46WECG4RV4LYVPU,0.13809070231531578
1ZL1KXXQYL5967E2,0.46510655761214653
FS1C6CL459Y125MT,0.13809070231531578
KYJRT7SGLRGFSM30,0.02449497132647474
M9NE26MYMPGU9TSF,0.49144358832225016
7O8X87A25C3ESYFI,0.25610124441222665
MGQPAZ9X8ZLORSDH,0.22857768842148674
5TRQ5ERPXCAGD0FA,0.3754444005530318
YHD544JF8Q8776R7,0.6301644526978326
2J0SEC7RLSQE8VO7,0.2764334471513266
I5RKB9DU7F7DA4FQ,0.8883702473815566
7O4YETDWV0AXF1OM,0.06900208916175318
F2Y61GB3509DQABR,0.2633252818035427
Y0KE6UWOBSBTSYK4,0.4836956521739131
YN7P8NNRCFHKUSMH,0.7947644861888566
EVCFO9BWYALUSY2Q,0.5127845989356329
8ZKKSX8IT6VCOM66,0.5118747613592974
GDPVOT0NK12EA4IL,0.5420742434776779
9BQ326DIRIPIVMMT,0.5985507246376812
5S4820AW60LG4YWN,0.48171338038098205
D3EE2E5KD53HAS6F,0.16501658532462868
2AWZL81J77M6SDEY,0.13809070231531578
KVJ6GU0D884J7B9B,0.13842256003525005
6VGV5OYFPOKG6FET,0.9500591016548463
9BBEMAGG3LLBBTEP,0.36044496033537027
AE7PVF8CEUVABK89,0.8769364736347804
2ILIK48A10IOZEVP,0.4284442788541149
6YU21S8P7LXWE06B,0.4499205876513798
XH6YQCDQCKIKQVTJ,0.06753749991442283
XW848APTN8JLPJ76,0.025959560573805097
06MIR3WORHYVA9O8,0.18300600331404668
W9H749VMQTDOKF0L,0.7532031387276445
R0B1I2G4VFFCQ7DM,0.3780859617609997
LHDRDXCFZB5LNL73,0.8556084810837663
9AB4ADN38BMVCKB9,0.8012271236644452
1X35XX60NZUP6ZPN,0.6890903726090783
6LRH8TUYJOEF8UQJ,0.26585143656931604
PD0JUBNTXSY1FOET,0.44376554699876386
MGT5ZMS0YWP57L42,0.49144358832225016
EEKGRZTFH0ULRAQY,0.2941260620116262
2IWECYUZPVJRPEVQ,0.549539609894301
BAW2C7DFYJDTT055,0.8883702473815566
MKJ13LUP4FH232NZ,0.3047080725936368
HZWQD8U4MGLYX3U9,0.7903645833333334
EX0K1FR7YOAY6O76,0.9854952387264975
NQ527KTZWRODYRRE,0.8066622582244999
6UYHTW941PAWFYB5,0.7431315017337957
PKXHYOQX992DZPTA,0.3962962962962963
RYSJARITPFIAU732,0.7080722518759187
TKP8Z7DSU2MGTT67,0.5118747613592974
B8NZ2IL2IMKMGSJQ,0.8347467277574588
OSZH49KQJ4MCB3SC,0.7726097150630012
I4BX7JMW6UKZZ7LK,0.7141291897006824
YX2UEMB7RNCWDBGC,0.7404611281919203
J5WWICXZ1BK7LR03,0.31352947789280233
KD9RXN4K2GSHMGZ6,0.021441177575006572
B9YP9N5CCLPX4E0U,0.20734483399776396
SY6QACFGLLNXEOOV,0.11972904489334424
TOPJWY7K83ZDHYVA,0.3974893776421758
D28ALBZYPCW1749D,0.591724671307038
2RPB2F7RQBHSN48B,0.7073031363700392
58ZG0X7DG079PAY7,0.9003595956023226
5TG3UGMJFDFMBOOV,0.16636532775762602
6RMCQQW1V0929TCF,0.18576874363880214
VYT3194OV2FDQYKN,0.7148744472719709
AG0BJ1FJ2YOUC004,0.8938053819416113
F71AYZEB606XZX3N,0.7073031363700392
WL0TQXTKTNO6R27R,0.5018611689294133
KAMPGRQXTA65BAQP,0.5744912143747346
VSNJFN3GK213WJX4,0.8715013390747256
ZATHWGZAG2P0F880,0.8020604897660819
KWFJPM6756YW2ONV,0.5049322184768492
RRHFRRHE66NO4BAY,0.13662611306798542
E249WI1UQSZ4WIRU,0.9003595956023226
L4QH3R6WLMPX8YTO,0.13662611306798542
3MNQHR37H6EN9J86,0.8501733465237115
DZKN45X2R4MJO4KE,0.6463484270708922
URSVTKPI3TZ3YHKN,0.10081695416748654
JT0C96NMKQEKTPT2,0.2941260620116262
E4JHQK6239IT6N5W,0.10081695416748654
UL4229YA6BKTUU77,0.8488930114269788
9Y4KE9XJDXCDJWBR,0.8998373019083318
GB01JHV6JUEQ9T3M,0.36416013304823
KT2G6PMGFYYMXEML,0.8516156360642898
2734JBZBH143CYOJ,0.13809070231531578
XLNYHQJXYMQORFXI,0.021441177575006572
GV8BDHTRMQ8C05NF,0.5495392102528996
B9Z8MUWJQAQC560B,0.13809070231531578
SQ34KSC6EF7XJKEV,0.7335962077740108
CVFQHMUXI5LAUUOQ,0.5127845989356329
DVMEN835DWLNH87I,0.7774153175693493
3YCM1UKAN2PUOBDC,0.5608142962417096
GTVANTYI0EPCO7B5,0.8556084810837663
CL8811LTHN3LQR34,0.3955456391083238
PJQ4AEUUYVVU17WH,0.025959560573805097
KTL93WGSBN3Q82K0,0.06753749991442283
E9SW3VMXIIHETSEO,0.8062485295299086
C3N388IUCFSFTYRJ,0.13809070231531578
SM78TG2XPTBIP1IJ,0.8938053819416113
CSID5C60ET4AJOVE,0.40222860048939973
Y5JJ6X4BCT1QQ5DS,0.9937694704049843
T48OP7NX9P63M158,0.3047080725936368
S9C5WY4W2UTMLFDS,0.7994300991705646
7T5KTRY5K8F931OR,0.2941260620116262
IFSC4132UYETOP4L,0.13809070231531578
1G7O96D6FP21M6FD,0.8523137388281087
DMUL6Y6HEZLBEXIO,0.6890903726090783
IMWY3FFP1YLMJO5U,0.09529633921290932
